run,mode,inject,inject_offset_ms,publish_delay_ms,injection_window,gateway_released,gate_blocked,stale_publish,potential_stale_publish,post_release_invalidation,injection_version,check_version,version_order,stale_exact,outcome,reason,validation_to_gate_ms,validation_to_publish_ms,recheck_to_publish_ms,t_validate_end_ms,t_injection_start_ms,t_injection_end_ms,t_recheck_start_ms,t_recheck_end_ms,t_publish_end_ms
0,xair,0,,0.0,control,1,0,0,0,0,,2601,control,0,EXECUTE,published_after_gate_recheck,4.080241080373526,4.08907700330019,0.008835922926664352,5.0318860448896885,,,5.066290032118559,9.112127125263214,9.120963048189878
1,xair,0,,0.0,control,1,0,0,0,0,,2602,control,0,EXECUTE,published_after_gate_recheck,4.221266135573387,4.228719975799322,0.007453840225934982,4.709810949862003,,,4.7256010584533215,8.93107708543539,8.938530925661325
2,xair,1,0.0,0.0,concurrent,1,0,0,1,0,2604,2603,after_check,0,EXECUTE,published_after_gate_recheck,6.305763963609934,6.314429920166731,0.008665956556797028,4.457829054445028,4.57967771217227,15.037616714835167,4.710623063147068,10.763593018054962,10.77225897461176
3,xair,1,0.0,0.0,concurrent,1,0,0,1,0,2606,2605,after_check,0,EXECUTE,published_after_gate_recheck,4.988945089280605,5.004954989999533,0.016009900718927383,7.9902829602360725,8.147979155182838,17.330256290733814,8.348955307155848,12.979228049516678,12.995237950235605
4,xair,1,0.0,0.0,concurrent,1,0,0,1,0,2608,2607,after_check,0,EXECUTE,published_after_gate_recheck,5.049038212746382,5.056662019342184,0.007623806595802307,4.673703107982874,4.819306079298258,14.237066265195608,5.040641408413649,9.722741320729256,9.730365127325058
5,xair,1,0.0,0.0,concurrent,0,1,0,0,0,2610,2610,before_check,0,REVOKE,read_set_version_changed_at_gate,9.796629194170237,,,5.663018673658371,5.75473066419363,14.110468793660402,5.853184964507818,15.459647867828608,
6,xair,1,0.0,0.0,concurrent,0,1,0,0,0,2612,2612,before_check,0,REVOKE,read_set_version_changed_at_gate,9.427328128367662,,,4.570839926600456,4.70376992598176,12.665608897805214,4.872506018728018,13.998168054968119,
7,xair,1,0.0,0.0,concurrent,0,1,0,0,0,2614,2614,before_check,0,REVOKE,read_set_version_changed_at_gate,10.258595924824476,,,4.649037960916758,4.817303270101547,13.378997333347797,5.025994032621384,14.907633885741234,
8,xair,1,0.0,0.0,concurrent,1,0,0,1,0,2616,2615,after_check,0,EXECUTE,published_after_gate_recheck,5.117795895785093,5.1234569400548935,0.005661044269800186,4.551735240966082,4.728697240352631,13.8283702544868,4.958888050168753,9.669531136751175,9.675192181020975
9,xair,0,,0.0,control,1,0,0,0,0,,2617,control,0,EXECUTE,published_after_gate_recheck,4.135434050112963,4.140233155339956,0.004799105226993561,4.251572769135237,,,4.264175891876221,8.3870068192482,8.391805924475193
10,xair,1,0.0,0.0,concurrent,0,1,0,0,0,2619,2619,before_check,0,REVOKE,read_set_version_changed_at_gate,8.071464952081442,,,4.624691791832447,4.749686922878027,13.915633782744408,4.918352700769901,12.696156743913889,
11,xair,1,0.0,0.0,concurrent,0,1,0,0,0,2621,2621,before_check,0,REVOKE,read_set_version_changed_at_gate,9.223776403814554,,,4.217127803713083,4.313768818974495,12.230494059622288,4.414488095790148,13.440904207527637,
12,xair,1,0.0,0.0,concurrent,0,1,0,0,0,2623,2623,before_check,0,REVOKE,read_set_version_changed_at_gate,8.855555206537247,,,4.153928719460964,4.2388178408145905,11.595663148909807,4.333695862442255,13.009483925998211,
13,xair,1,0.0,0.0,concurrent,0,1,0,0,0,2625,2625,before_check,0,REVOKE,read_set_version_changed_at_gate,9.941081050783396,,,4.2053149081766605,4.291406832635403,12.62141577899456,4.39312681555748,14.146395958960056,
14,xair,0,,0.0,control,1,0,0,0,0,,2626,control,0,EXECUTE,published_after_gate_recheck,4.062316846102476,4.066554829478264,0.004237983375787735,4.233988933265209,,,4.246431868523359,8.296305779367685,8.300543762743473
15,xair,0,,0.0,control,1,0,0,0,0,,2627,control,0,EXECUTE,published_after_gate_recheck,4.319739993661642,4.323758184909821,0.004018191248178482,4.265157040208578,,,4.277170170098543,8.58489703387022,8.588915225118399
16,xair,1,0.0,0.0,concurrent,1,0,0,1,0,2629,2628,after_check,0,EXECUTE,published_after_gate_recheck,4.986159037798643,4.991509020328522,0.005349982529878616,4.669676069170237,4.786284174770117,14.04073741286993,4.985748324543238,9.65583510696888,9.661185089498758
17,xair,1,0.0,0.0,concurrent,0,1,0,0,0,2631,2631,before_check,0,REVOKE,read_set_version_changed_at_gate,7.811908144503832,,,4.4439625926315784,4.562404938042164,13.3372088894248,4.763862583786249,12.25587073713541,
18,xair,1,0.0,0.0,concurrent,0,1,0,0,0,2633,2633,before_check,0,REVOKE,read_set_version_changed_at_gate,8.82341479882598,,,4.774271976202726,4.923671949654818,12.428784742951393,5.136391147971153,13.597686775028706,
19,xair,1,0.0,0.0,concurrent,0,1,0,0,0,2635,2635,before_check,0,REVOKE,read_set_version_changed_at_gate,9.112035855650902,,,4.224230069667101,4.304710775613785,11.885996907949448,4.425407852977514,13.336265925318003,
20,xair,1,0.0,0.0,concurrent,0,1,0,0,0,2637,2637,before_check,0,REVOKE,read_set_version_changed_at_gate,8.759996388107538,,,4.185296595096588,4.253715742379427,11.924037709832191,4.34491690248251,12.945292983204126,
21,xair,1,0.0,0.0,concurrent,1,0,0,1,0,2639,2638,after_check,0,EXECUTE,published_after_gate_recheck,5.09940180927515,5.110403057187796,0.01100124791264534,4.340128041803837,4.479879979044199,14.365416020154953,4.662421997636557,9.439529851078987,9.450531098991632
22,xair,1,0.0,0.0,concurrent,1,0,0,1,0,2641,2640,after_check,0,EXECUTE,published_after_gate_recheck,4.465663805603981,4.472948145121336,0.007284339517354965,4.472795873880386,4.613028839230537,12.77970289811492,4.801271948963404,8.938459679484367,8.945744019001722
23,xair,1,0.0,0.0,concurrent,0,1,0,0,0,2643,2643,before_check,0,REVOKE,read_set_version_changed_at_gate,8.65056086331606,,,4.611186217516661,4.742743447422981,12.100940104573965,4.917691461741924,13.26174708083272,
24,xair,0,,0.0,control,1,0,0,0,0,,2644,control,0,EXECUTE,published_after_gate_recheck,4.201969131827354,4.208491183817387,0.006522051990032196,4.691736772656441,,,4.709750879555941,8.893705904483795,8.900227956473827
25,xair,1,0.0,0.0,concurrent,0,1,0,0,0,2646,2646,before_check,0,REVOKE,read_set_version_changed_at_gate,8.934073150157928,,,4.071875009685755,4.202510230243206,12.23281817510724,4.372199065983295,13.005948159843683,
26,xair,1,0.0,0.0,concurrent,0,1,0,0,0,2648,2648,before_check,0,REVOKE,read_set_version_changed_at_gate,9.27842827513814,,,4.407163709402084,4.5239729806780815,12.39716587588191,4.738986026495695,13.685591984540224,
27,xair,1,0.0,0.0,concurrent,0,1,0,0,0,2650,2650,before_check,0,REVOKE,read_set_version_changed_at_gate,8.99153994396329,,,4.4241962023079395,4.522630944848061,12.414929922670126,4.651391878724098,13.415736146271229,
28,xair,0,,0.0,control,1,0,0,0,0,,2651,control,0,EXECUTE,published_after_gate_recheck,3.8172081112861633,3.8232593797147274,0.006051268428564072,4.476763773709536,,,4.490078892558813,8.293971884995699,8.300023153424263
29,xair,1,0.0,0.0,concurrent,0,1,0,0,0,2653,2653,before_check,0,REVOKE,read_set_version_changed_at_gate,9.228995069861412,,,4.673714283853769,4.770445171743631,12.87048403173685,4.8661851324141026,13.902709353715181,
30,xair,0,,0.0,control,1,0,0,0,0,,2654,control,0,EXECUTE,published_after_gate_recheck,4.209081642329693,4.214562941342592,0.005481299012899399,4.952677059918642,,,4.965431056916714,9.161758702248335,9.167240001261234
31,xair,1,0.0,0.0,concurrent,0,1,0,0,0,2656,2656,before_check,0,REVOKE,read_set_version_changed_at_gate,8.390492759644985,,,4.487314261496067,4.572323057800531,11.668159160763025,4.665468353778124,12.877807021141052,
32,xair,1,0.0,0.0,concurrent,0,1,0,0,0,2658,2658,before_check,0,REVOKE,read_set_version_changed_at_gate,10.884969960898161,,,5.310668144375086,5.508157890290022,14.972253702580929,5.796197801828384,16.195638105273247,
33,xair,1,0.0,0.0,concurrent,0,1,0,0,0,2660,2660,before_check,0,REVOKE,read_set_version_changed_at_gate,9.205420967191458,,,4.604524001479149,4.699641838669777,12.361038010567427,4.828182980418205,13.809944968670607,
34,xair,1,0.0,0.0,concurrent,0,1,0,0,0,2662,2662,before_check,0,REVOKE,read_set_version_changed_at_gate,8.844194002449512,,,4.794080276042223,4.957897122949362,12.512753251940012,5.133496131747961,13.638274278491735,
35,xair,1,0.0,0.0,concurrent,1,0,0,1,0,2664,2663,after_check,0,EXECUTE,published_after_gate_recheck,5.1705557852983475,5.177848972380161,0.007293187081813812,4.45824908092618,4.554400220513344,14.58048028871417,4.802925977855921,9.628804866224527,9.636098053306341
36,xair,1,0.0,0.0,concurrent,1,0,0,1,0,2666,2665,after_check,0,EXECUTE,published_after_gate_recheck,4.65892581269145,4.664635751396418,0.005709938704967499,4.388127941638231,4.511678591370583,13.291301671415567,4.6997820027172565,9.047053754329681,9.052763693034649
37,xair,0,,0.0,control,1,0,0,0,0,,2667,control,0,EXECUTE,published_after_gate_recheck,4.433372989296913,4.438241943717003,0.004868954420089722,4.385923966765404,,,4.399849567562342,8.819296956062317,8.824165910482407
38,xair,0,,0.0,control,1,0,0,0,0,,2668,control,0,EXECUTE,published_after_gate_recheck,4.476313013583422,4.480430856347084,0.004117842763662338,4.200175870209932,,,4.213400650769472,8.676488883793354,8.680606726557016
39,xair,1,0.0,0.0,concurrent,1,0,0,1,0,2670,2669,after_check,0,EXECUTE,published_after_gate_recheck,4.406793974339962,4.412604961544275,0.005810987204313278,4.697137046605349,4.810680169612169,13.953965157270432,4.9766721203923225,9.10393102094531,9.109742008149624
40,xair,1,1.0,0.0,concurrent,1,0,0,1,0,2672,2671,after_check,0,EXECUTE,published_after_gate_recheck,4.211907275021076,4.21621510758996,0.004307832568883896,4.210184793919325,5.321668926626444,13.48962401971221,4.301195032894611,8.422092068940401,8.426399901509285
41,xair,0,,0.0,control,1,0,0,0,0,,2673,control,0,EXECUTE,published_after_gate_recheck,4.12643700838089,4.130213987082243,0.003776978701353073,4.367870278656483,,,4.379752092063427,8.494307287037373,8.498084265738726
42,xair,0,,0.0,control,1,0,0,0,0,,2674,control,0,EXECUTE,published_after_gate_recheck,3.7899059243500233,3.7998449988663197,0.009939074516296387,5.769048351794481,,,5.804875399917364,9.558954276144505,9.568893350660801
43,xair,1,1.0,0.0,concurrent,1,0,0,1,0,2676,2675,after_check,0,EXECUTE,published_after_gate_recheck,4.541164729744196,4.547357093542814,0.006192363798618317,5.089873913675547,6.224631797522306,15.198347624391317,5.17788901925087,9.631038643419743,9.637231007218361
44,xair,0,,0.0,control,1,0,0,0,0,,2677,control,0,EXECUTE,published_after_gate_recheck,4.455022979527712,4.462177399545908,0.007154420018196106,4.882194567471743,,,4.904606845229864,9.337217546999454,9.34437196701765
45,xair,0,,0.0,control,1,0,0,0,0,,2678,control,0,EXECUTE,published_after_gate_recheck,4.224320873618126,4.231685306876898,0.007364433258771896,3.8946429267525673,,,3.9157927967607975,8.118963800370693,8.126328233629465
46,xair,1,1.0,0.0,concurrent,1,0,0,1,0,2680,2679,after_check,0,EXECUTE,published_after_gate_recheck,4.07527107745409,4.085060209035873,0.009789131581783295,4.443371668457985,5.687323864549398,13.781501911580563,4.658435005694628,8.518642745912075,8.528431877493858
47,xair,1,1.0,0.0,concurrent,1,0,0,1,0,2682,2681,after_check,0,EXECUTE,published_after_gate_recheck,4.534161649644375,4.539792891591787,0.005631241947412491,4.242694936692715,5.464034620672464,13.867001980543137,4.430046770721674,8.77685658633709,8.782487828284502
48,xair,1,1.0,0.0,concurrent,1,0,0,1,0,2684,2683,after_check,0,EXECUTE,published_after_gate_recheck,4.74073039367795,4.746250342577696,0.005519948899745941,4.858058877289295,6.05680700391531,14.327085111290216,5.058445036411285,9.598789270967245,9.604309219866991
49,xair,1,1.0,0.0,concurrent,1,0,0,1,0,2686,2685,after_check,0,EXECUTE,published_after_gate_recheck,4.307778086513281,4.315542988479137,0.007764901965856552,4.684763960540295,5.815003998577595,13.866191264241934,4.8233140259981155,8.992542047053576,9.000306949019432
50,xair,1,1.0,0.0,concurrent,1,0,0,1,0,2688,2687,after_check,0,EXECUTE,published_after_gate_recheck,5.0301519222557545,5.034500267356634,0.004348345100879669,4.65033994987607,5.788965150713921,13.970706146210432,4.74365521222353,9.680491872131824,9.684840217232704
51,xair,1,1.0,0.0,concurrent,1,0,0,1,0,2690,2689,after_check,0,EXECUTE,published_after_gate_recheck,4.415829665958881,4.41949674859643,0.0036670826375484467,4.770375322550535,5.909461062401533,15.02909092232585,4.865142982453108,9.186204988509417,9.189872071146965
52,xair,0,,0.0,control,1,0,0,0,0,,2691,control,0,EXECUTE,published_after_gate_recheck,4.445265047252178,4.45575499907136,0.010489951819181442,5.204618908464909,,,5.247138906270266,9.649883955717087,9.660373907536268
53,xair,1,1.0,0.0,concurrent,1,0,0,1,0,2693,2692,after_check,0,EXECUTE,published_after_gate_recheck,4.7374628484249115,4.747551865875721,0.010089017450809479,4.463860299438238,5.726948380470276,13.636660296469927,4.642415326088667,9.20132314786315,9.21141216531396
54,xair,1,1.0,0.0,concurrent,1,0,0,1,0,2695,2694,after_check,0,EXECUTE,published_after_gate_recheck,4.478066693991423,4.483086988329887,0.005020294338464737,4.862387198954821,5.97001425921917,14.44812212139368,4.9773831851780415,9.340453892946243,9.345474187284708
55,xair,1,1.0,0.0,concurrent,1,0,0,1,0,2697,2696,after_check,0,EXECUTE,published_after_gate_recheck,4.427141044288874,4.432781133800745,0.005640089511871338,4.626404959708452,5.843887105584145,15.613365918397903,4.817563109099865,9.053546003997326,9.059186093509197
56,xair,1,1.0,0.0,concurrent,1,0,0,1,0,2699,2698,after_check,0,EXECUTE,published_after_gate_recheck,4.620393738150597,4.625502973794937,0.005109235644340515,4.836108069866896,5.994250066578388,14.2453508451581,4.943158943206072,9.456501808017492,9.461611043661833
57,xair,1,1.0,0.0,concurrent,1,0,0,1,0,2701,2700,after_check,0,EXECUTE,published_after_gate_recheck,4.449051804840565,4.454031586647034,0.004979781806468964,4.755888134241104,5.891015753149986,14.008988160640001,4.843251779675484,9.204939939081669,9.209919720888138
58,xair,1,1.0,0.0,concurrent,1,0,0,1,0,2703,2702,after_check,0,EXECUTE,published_after_gate_recheck,4.9359449185431,4.940102808177471,0.004157889634370804,4.125876817852259,5.2489228546619415,14.058030676096678,4.248425830155611,9.061821736395359,9.06597962602973
59,xair,1,1.0,0.0,concurrent,1,0,0,1,0,2705,2704,after_check,0,EXECUTE,published_after_gate_recheck,4.9141948111355305,4.927319008857012,0.013124197721481323,4.722906276583672,6.010180339217186,14.557928312569857,4.999875091016293,9.637101087719202,9.650225285440683
60,xair,1,1.0,0.0,concurrent,1,0,0,1,0,2707,2706,after_check,0,EXECUTE,published_after_gate_recheck,4.369252827018499,4.37674717977643,0.007494352757930756,4.285315051674843,5.433627869933844,13.521735090762377,4.390732850879431,8.654567878693342,8.662062231451273
61,xair,1,1.0,0.0,concurrent,1,0,0,1,0,2709,2708,after_check,0,EXECUTE,published_after_gate_recheck,3.751083742827177,3.7547810934484005,0.0036973506212234497,4.2604682967066765,5.3983423858881,13.261607382446527,4.3532634153962135,8.011552039533854,8.015249390155077
62,xair,1,1.0,0.0,concurrent,1,0,0,1,0,2711,2710,after_check,0,EXECUTE,published_after_gate_recheck,4.592962097376585,4.596899263560772,0.003937166184186935,4.983725026249886,6.121117155998945,14.376277104020119,5.076198372989893,9.57668712362647,9.580624289810658
63,xair,1,1.0,0.0,concurrent,1,0,0,1,0,2713,2712,after_check,0,EXECUTE,published_after_gate_recheck,5.231249146163464,5.235015880316496,0.003766734153032303,4.683761857450008,5.797980818897486,14.134583063423634,4.786014091223478,9.915011003613472,9.918777737766504
64,xair,1,1.0,0.0,concurrent,1,0,0,1,0,2715,2714,after_check,0,EXECUTE,published_after_gate_recheck,4.517159890383482,4.521909169852734,0.004749279469251633,4.4177439995110035,5.576937925070524,13.535100035369396,4.5416769571602345,8.934903889894485,8.939653169363737
65,xair,1,1.0,0.0,concurrent,1,0,0,1,0,2717,2716,after_check,0,EXECUTE,published_after_gate_recheck,5.063043907284737,5.069355014711618,0.00631110742688179,4.742682911455631,6.026971153914928,15.124539844691753,5.006557796150446,9.805726818740368,9.81203792616725
66,xair,1,1.0,0.0,concurrent,1,0,0,1,0,2719,2718,after_check,0,EXECUTE,published_after_gate_recheck,5.0307330675423145,5.044769030064344,0.014035962522029877,4.6354616060853004,5.920220632106066,14.52948385849595,4.912250675261021,9.666194673627615,9.680230636149645
67,xair,0,,0.0,control,1,0,0,0,0,,2720,control,0,EXECUTE,published_after_gate_recheck,4.0023052133619785,4.009248223155737,0.006943009793758392,4.5298440381884575,,,4.5499419793486595,8.532149251550436,8.539092261344194
68,xair,1,1.0,0.0,concurrent,1,0,0,1,0,2722,2721,after_check,0,EXECUTE,published_after_gate_recheck,4.553789272904396,4.561884328722954,0.00809505581855774,4.377707839012146,5.543123930692673,14.443852938711643,4.5053381472826,8.931497111916542,8.9395921677351
69,xair,1,1.0,0.0,concurrent,1,0,0,1,0,2724,2723,after_check,0,EXECUTE,published_after_gate_recheck,4.412003327161074,4.422703292220831,0.010699965059757233,4.58760280162096,5.784166045486927,13.907899148762226,4.768982995301485,8.999606128782034,9.010306093841791
70,xair,0,,0.0,control,1,0,0,0,0,,2725,control,0,EXECUTE,published_after_gate_recheck,4.152547102421522,4.163166973739862,0.010619871318340302,4.419616889208555,,,4.450756125152111,8.572163991630077,8.582783862948418
71,xair,1,1.0,0.0,concurrent,1,0,0,1,0,2727,2726,after_check,0,EXECUTE,published_after_gate_recheck,5.100273992866278,5.109691061079502,0.009417068213224411,4.375324118882418,5.677646026015282,14.194355811923742,4.6629938296973705,9.475598111748695,9.48501517996192
72,xair,0,,0.0,control,1,0,0,0,0,,2728,control,0,EXECUTE,published_after_gate_recheck,4.277230240404606,4.2825802229344845,0.005349982529878616,4.308297764509916,,,4.324798937886953,8.585528004914522,8.5908779874444
73,xair,1,1.0,0.0,concurrent,1,0,0,1,0,2730,2729,after_check,0,EXECUTE,published_after_gate_recheck,4.409337881952524,4.415830131620169,0.006492249667644501,4.688682034611702,5.8488668873906136,14.095449820160866,4.805610980838537,9.098019916564226,9.10451216623187
74,xair,0,,0.0,control,1,0,0,0,0,,2731,control,0,EXECUTE,published_after_gate_recheck,4.095880314707756,4.100128076970577,0.0042477622628211975,4.632866941392422,,,4.6463822945952415,8.728747256100178,8.732995018362999
75,xair,0,,0.0,control,1,0,0,0,0,,2732,control,0,EXECUTE,published_after_gate_recheck,4.041548352688551,4.045465029776096,0.003916677087545395,4.319169092923403,,,4.331712145358324,8.360717445611954,8.3646341226995
76,xair,1,1.0,0.0,concurrent,1,0,0,1,0,2734,2733,after_check,0,EXECUTE,published_after_gate_recheck,3.843796905130148,3.847894724458456,0.0040978193283081055,4.190647974610329,5.302251782268286,13.206562958657742,4.314450081437826,8.034444879740477,8.038542699068785
77,xair,1,1.0,0.0,concurrent,1,0,0,1,0,2736,2735,after_check,0,EXECUTE,published_after_gate_recheck,3.7048766389489174,3.70980566367507,0.00492902472615242,4.7549959272146225,5.89967193081975,14.665879774838686,4.8584300093352795,8.45987256616354,8.464801590889692
78,xair,1,1.0,0.0,concurrent,1,0,0,1,0,2738,2737,after_check,0,EXECUTE,published_after_gate_recheck,3.9134379476308823,3.91767593100667,0.004237983375787735,4.30437084287405,5.462311673909426,13.59660504385829,4.415750037878752,8.217808790504932,8.22204677388072
79,xair,1,1.0,0.0,concurrent,1,0,0,1,0,2740,2739,after_check,0,EXECUTE,published_after_gate_recheck,5.003140773624182,5.008089821785688,0.004949048161506653,4.363481886684895,5.583328660577536,13.616661541163921,4.552866797894239,9.366622660309076,9.371571708470583
80,xair,0,,0.0,control,1,0,0,0,0,,2741,control,0,EXECUTE,published_after_gate_recheck,4.607119131833315,4.6118879690766335,0.004768837243318558,4.4440231285989285,,,4.457477945834398,9.051142260432243,9.055911097675562
81,xair,0,,0.0,control,1,0,0,0,0,,2742,control,0,EXECUTE,published_after_gate_recheck,4.212979227304459,4.217388108372688,0.004408881068229675,4.472806584089994,,,4.486041609197855,8.685785811394453,8.690194692462683
82,xair,1,2.0,0.0,concurrent,1,0,0,1,0,2744,2743,after_check,0,EXECUTE,published_after_gate_recheck,4.01595002040267,4.020008258521557,0.004058238118886948,4.287168849259615,6.439434830099344,14.492895919829607,4.395653028041124,8.303118869662285,8.307177107781172
83,xair,0,,0.0,control,1,0,0,0,0,,2745,control,0,EXECUTE,published_after_gate_recheck,3.9175860583782196,3.921603783965111,0.004017725586891174,3.9522708393633366,,,3.9651859551668167,7.869856897741556,7.873874623328447
84,xair,0,,0.0,control,1,0,0,0,0,,2746,control,0,EXECUTE,published_after_gate_recheck,3.855098970234394,3.859196789562702,0.0040978193283081055,4.417101852595806,,,4.429855849593878,8.2722008228302,8.276298642158508
85,xair,1,2.0,0.0,concurrent,1,0,0,1,0,2748,2747,after_check,0,EXECUTE,published_after_gate_recheck,4.508583806455135,4.519303794950247,0.010719988495111465,4.7482941299676895,6.9374991580843925,14.781668316572905,4.886352922767401,9.256877936422825,9.267597924917936
86,xair,1,2.0,0.0,concurrent,1,0,0,1,0,2750,2749,after_check,0,EXECUTE,published_after_gate_recheck,4.987320862710476,4.994915798306465,0.007594935595989227,4.825198091566563,6.9602010771632195,14.730511233210564,4.930395167320967,9.812518954277039,9.820113889873028
87,xair,1,2.0,0.0,concurrent,1,0,0,1,0,2752,2751,after_check,0,EXECUTE,published_after_gate_recheck,4.541546106338501,4.548419266939163,0.0068731606006622314,4.661832004785538,6.821170914918184,15.369951259344816,4.7867558896541595,9.203378111124039,9.210251271724701
88,xair,1,2.0,0.0,concurrent,1,0,0,1,0,2754,2753,after_check,0,EXECUTE,published_after_gate_recheck,4.536285996437073,4.540222696959972,0.003936700522899628,4.631785210222006,6.767699960619211,14.737783931195736,4.72201406955719,9.168071206659079,9.172007907181978
89,xair,1,2.0,0.0,concurrent,1,0,0,1,0,2756,2755,after_check,0,EXECUTE,published_after_gate_recheck,4.577783867716789,4.587111063301563,0.009327195584774017,4.523943178355694,6.683292333036661,14.922221191227436,4.664015956223011,9.101727046072483,9.111054241657257
90,xair,1,2.0,0.0,concurrent,1,0,0,1,0,2758,2757,after_check,0,EXECUTE,published_after_gate_recheck,4.732663743197918,4.743674769997597,0.011011026799678802,4.737133160233498,6.963978987187147,15.436455141752958,4.935435019433498,9.469796903431416,9.480807930231094
91,xair,1,2.0,0.0,concurrent,1,0,0,1,0,2760,2759,after_check,0,EXECUTE,published_after_gate_recheck,4.404278937727213,4.420037847012281,0.015758909285068512,4.854262340813875,7.00447428971529,15.029602218419313,4.978385288268328,9.258541278541088,9.274300187826157
92,xair,1,2.0,0.0,concurrent,1,0,0,1,0,2762,2761,after_check,0,EXECUTE,published_after_gate_recheck,4.485029727220535,4.493705928325653,0.008676201105117798,4.910638090223074,7.0729730650782585,14.369064010679722,5.038016941398382,9.39566781744361,9.404344018548727
93,xair,1,2.0,0.0,concurrent,1,0,0,1,0,2764,2763,after_check,0,EXECUTE,published_after_gate_recheck,4.370865877717733,4.376075696200132,0.005209818482398987,4.858830943703651,6.988293956965208,14.72136378288269,4.944982938468456,9.229696821421385,9.234906639903784
94,xair,0,,0.0,control,1,0,0,0,0,,2765,control,0,EXECUTE,published_after_gate_recheck,3.8423347286880016,3.8463729433715343,0.004038214683532715,4.349075257778168,,,4.361568950116634,8.19140998646617,8.195448201149702
95,xair,1,2.0,0.0,concurrent,1,0,0,1,0,2767,2766,after_check,0,EXECUTE,published_after_gate_recheck,4.435626789927483,4.440044984221458,0.00441819429397583,4.577764309942722,6.72214524820447,15.043647959828377,4.673864226788282,9.013391099870205,9.01780929416418
96,xair,1,2.0,0.0,concurrent,1,0,0,1,0,2769,2768,after_check,0,EXECUTE,published_after_gate_recheck,4.5709810219705105,4.5810602605342865,0.010079238563776016,4.400040954351425,6.594425067305565,15.119210351258516,4.575670231133699,8.971021976321936,8.981101214885712
97,xair,1,2.0,0.0,concurrent,1,0,0,1,0,2771,2770,after_check,0,EXECUTE,published_after_gate_recheck,4.282099194824696,4.291857127100229,0.009757932275533676,4.423464648425579,6.631855852901936,14.053040649741888,4.599153995513916,8.705563843250275,8.715321775525808
98,xair,1,2.0,0.0,concurrent,1,0,0,1,0,2773,2772,after_check,0,EXECUTE,published_after_gate_recheck,4.63153375312686,4.635892808437347,0.004359055310487747,6.6309841349720955,8.770035114139318,17.241418827325106,6.725762039422989,11.262517888098955,11.266876943409443
99,xair,1,2.0,0.0,concurrent,1,0,0,1,0,2775,2774,after_check,0,EXECUTE,published_after_gate_recheck,4.56999009475112,4.5775738544762135,0.0075837597250938416,4.715422168374062,6.912973243743181,14.682842418551445,4.887164104729891,9.285412263125181,9.292996022850275
100,xair,1,2.0,0.0,concurrent,1,0,0,1,0,2777,2776,after_check,0,EXECUTE,published_after_gate_recheck,4.035386722534895,4.039914812892675,0.0045280903577804565,4.2393091134727,6.4301867969334126,14.635291881859303,4.395462106913328,8.274695836007595,8.279223926365376
101,xair,1,2.0,0.0,concurrent,1,0,0,1,0,2779,2778,after_check,0,EXECUTE,published_after_gate_recheck,4.474901128560305,4.482424817979336,0.007523689419031143,4.541165195405483,6.684635300189257,14.079651329666376,4.6462020836770535,9.016066323965788,9.023590013384819
102,xair,1,2.0,0.0,concurrent,1,0,0,1,0,2781,2780,after_check,0,EXECUTE,published_after_gate_recheck,4.46280837059021,4.4699013233184814,0.007092952728271484,4.366818815469742,6.535294931381941,14.199805911630392,4.489669110625982,8.829627186059952,8.836720138788223
103,xair,0,,0.0,control,1,0,0,0,0,,2782,control,0,EXECUTE,published_after_gate_recheck,4.344035871326923,4.349385853856802,0.005349982529878616,4.763120785355568,,,4.778509959578514,9.107156656682491,9.11250663921237
104,xair,0,,0.0,control,1,0,0,0,0,,2783,control,0,EXECUTE,published_after_gate_recheck,4.298730753362179,4.303719848394394,0.004989095032215118,4.67649893835187,,,4.688852000981569,8.975229691714048,8.980218786746264
105,xair,1,2.0,0.0,concurrent,1,0,0,1,0,2785,2784,after_check,0,EXECUTE,published_after_gate_recheck,4.288501106202602,4.292437806725502,0.003936700522899628,4.75346390157938,6.90640090033412,14.288763049989939,4.860283806920052,9.041965007781982,9.045901708304882
106,xair,1,2.0,0.0,concurrent,1,0,0,1,0,2787,2786,after_check,0,EXECUTE,published_after_gate_recheck,4.632547032088041,4.651382099837065,0.018835067749023438,4.40968805924058,6.58931490033865,14.98201210051775,4.566292278468609,9.042235091328621,9.061070159077644
107,xair,1,2.0,0.0,concurrent,1,0,0,1,0,2789,2788,after_check,0,EXECUTE,published_after_gate_recheck,4.697458352893591,4.704731982201338,0.007273629307746887,4.986459854990244,7.207734975963831,14.996179845184088,5.18328882753849,9.683918207883835,9.691191837191582
108,xair,1,2.0,0.0,concurrent,1,0,0,1,0,2791,2790,after_check,0,EXECUTE,published_after_gate_recheck,4.558116663247347,4.561953712254763,0.0038370490074157715,4.501732066273689,6.677010096609592,14.504286926239729,4.650239832699299,9.059848729521036,9.063685778528452
109,xair,0,,0.0,control,1,0,0,0,0,,2792,control,0,EXECUTE,published_after_gate_recheck,4.4570183381438255,4.469150211662054,0.012131873518228531,5.273357965052128,,,5.307212006300688,9.730376303195953,9.742508176714182
110,xair,1,2.0,0.0,concurrent,1,0,0,1,0,2794,2793,after_check,0,EXECUTE,published_after_gate_recheck,4.465543199330568,4.474360030144453,0.008816830813884735,4.394950810819864,6.628950126469135,14.266711194068193,4.603432025760412,8.860494010150433,8.869310840964317
111,xair,1,2.0,0.0,concurrent,1,0,0,1,0,2796,2795,after_check,0,EXECUTE,published_after_gate_recheck,4.641363397240639,4.647264257073402,0.005900859832763672,4.783970769494772,7.014253176748753,14.590378850698471,4.977463744580746,9.42533416673541,9.431235026568174
112,xair,0,,0.0,control,1,0,0,0,0,,2797,control,0,EXECUTE,published_after_gate_recheck,3.505303058773279,3.511885181069374,0.006582122296094894,4.462187178432941,,,4.4747209176421165,7.967490237206221,7.9740723595023155
113,xair,1,2.0,0.0,concurrent,1,0,0,1,0,2799,2798,after_check,0,EXECUTE,published_after_gate_recheck,4.010430071502924,4.015299025923014,0.004868954420089722,4.760746844112873,6.939481943845749,14.845557045191526,4.8938957042992115,8.771176915615797,8.776045870035887
114,xair,1,2.0,0.0,concurrent,1,0,0,1,0,2801,2800,after_check,0,EXECUTE,published_after_gate_recheck,4.08362690359354,4.096009768545628,0.012382864952087402,4.566964227706194,6.779463030397892,15.133077278733253,4.754114896059036,8.650591131299734,8.662973996251822
115,xair,1,2.0,0.0,concurrent,1,0,0,1,0,2803,2802,after_check,0,EXECUTE,published_after_gate_recheck,4.5474981889128685,4.555562976747751,0.008064787834882736,4.85379109159112,7.027588319033384,15.69306617602706,5.001368001103401,9.401289280503988,9.409354068338871
116,xair,1,2.0,0.0,concurrent,1,0,0,1,0,2805,2804,after_check,0,EXECUTE,published_after_gate_recheck,4.794079344719648,4.79957927018404,0.005499925464391708,4.604303743690252,6.831970997154713,14.887976925820112,4.802735988050699,9.3983830884099,9.403883013874292
117,xair,1,2.0,0.0,concurrent,1,0,0,1,0,2807,2806,after_check,0,EXECUTE,published_after_gate_recheck,4.740939941257238,4.745409358292818,0.004469417035579681,4.523010924458504,6.766659207642078,14.739798847585917,4.720983095467091,9.263950865715742,9.268420282751322
118,xair,0,,0.0,control,1,0,0,0,0,,2808,control,0,EXECUTE,published_after_gate_recheck,4.164538811892271,4.175079055130482,0.010540243238210678,4.70980117097497,,,4.739206284284592,8.874339982867241,8.884880226105452
119,xair,1,2.0,0.0,concurrent,1,0,0,1,0,2810,2809,after_check,0,EXECUTE,published_after_gate_recheck,4.24518994987011,4.252473823726177,0.0072838738560676575,4.355276003479958,6.6197719424963,14.537247829139233,4.532958846539259,8.600465953350067,8.607749827206135
