scenario,run,baseline,seed,outcome,reason,paused_committed_before_submit,gateway_released,stale_executed,correct_revoke,ros_published,ros_observed,validation_latency_ms,e2e_latency_ms,intent_age_at_submit_ms,pause_ms,freshness_ms,exported_at
e1b,0,direct,42,EXECUTE,direct_bypass_no_validation,1,1,1,0,0,,0.0,3.5961661487817764,226.332,200,1000,2026-09-25T18:32:23.550365+00:00
e1b,1,direct,42,EXECUTE,direct_bypass_no_validation,1,1,1,0,0,,0.0,4.183017183095217,222.298,200,1000,2026-09-25T18:32:23.836178+00:00
e1b,2,direct,42,EXECUTE,direct_bypass_no_validation,1,1,1,0,0,,0.0,3.3297459594905376,222.88,200,1000,2026-09-25T18:32:24.122202+00:00
e1b,3,direct,42,EXECUTE,direct_bypass_no_validation,1,1,1,0,0,,0.0,3.163774963468313,220.624,200,1000,2026-09-25T18:32:24.404198+00:00
e1b,4,direct,42,EXECUTE,direct_bypass_no_validation,1,1,1,0,0,,0.0,3.835504874587059,225.568,200,1000,2026-09-25T18:32:24.692455+00:00
e1b,5,direct,42,EXECUTE,direct_bypass_no_validation,1,1,1,0,0,,0.0,4.236518405377865,220.991,200,1000,2026-09-25T18:32:24.975856+00:00
e1b,6,direct,42,EXECUTE,direct_bypass_no_validation,1,1,1,0,0,,0.0,3.19204805418849,219.665,200,1000,2026-09-25T18:32:25.259277+00:00
e1b,7,direct,42,EXECUTE,direct_bypass_no_validation,1,1,1,0,0,,0.0,3.042016178369522,220.061,200,1000,2026-09-25T18:32:25.542032+00:00
e1b,8,direct,42,EXECUTE,direct_bypass_no_validation,1,1,1,0,0,,0.0,3.4303152933716774,223.808,200,1000,2026-09-25T18:32:25.828710+00:00
e1b,9,direct,42,EXECUTE,direct_bypass_no_validation,1,1,1,0,0,,0.0,5.519453901797533,224.521,200,1000,2026-09-25T18:32:26.114830+00:00
e1b,10,direct,42,EXECUTE,direct_bypass_no_validation,1,1,1,0,0,,0.0,3.923339769244194,221.294,200,1000,2026-09-25T18:32:26.397682+00:00
e1b,11,direct,42,EXECUTE,direct_bypass_no_validation,1,1,1,0,0,,0.0,3.484685905277729,221.141,200,1000,2026-09-25T18:32:26.681185+00:00
e1b,12,direct,42,EXECUTE,direct_bypass_no_validation,1,1,1,0,0,,0.0,3.719987813383341,221.014,200,1000,2026-09-25T18:32:26.964325+00:00
e1b,13,direct,42,EXECUTE,direct_bypass_no_validation,1,1,1,0,0,,0.0,2.8312411159276962,220.439,200,1000,2026-09-25T18:32:27.249421+00:00
e1b,14,direct,42,EXECUTE,direct_bypass_no_validation,1,1,1,0,0,,0.0,2.978077158331871,219.508,200,1000,2026-09-25T18:32:27.536947+00:00
e1b,15,direct,42,EXECUTE,direct_bypass_no_validation,1,1,1,0,0,,0.0,4.025191068649292,222.055,200,1000,2026-09-25T18:32:27.822774+00:00
e1b,16,direct,42,EXECUTE,direct_bypass_no_validation,1,1,1,0,0,,0.0,3.7364992313086987,222.121,200,1000,2026-09-25T18:32:28.107580+00:00
e1b,17,direct,42,EXECUTE,direct_bypass_no_validation,1,1,1,0,0,,0.0,3.6350800655782223,220.52,200,1000,2026-09-25T18:32:28.391961+00:00
e1b,18,direct,42,EXECUTE,direct_bypass_no_validation,1,1,1,0,0,,0.0,3.147405106574297,222.558,200,1000,2026-09-25T18:32:28.677326+00:00
e1b,19,direct,42,EXECUTE,direct_bypass_no_validation,1,1,1,0,0,,0.0,3.5799662582576275,221.356,200,1000,2026-09-25T18:32:28.961360+00:00
e1b,20,direct,42,EXECUTE,direct_bypass_no_validation,1,1,1,0,0,,0.0,3.8620848208665848,223.687,200,1000,2026-09-25T18:32:29.248030+00:00
e1b,21,direct,42,EXECUTE,direct_bypass_no_validation,1,1,1,0,0,,0.0,3.0733048915863037,222.096,200,1000,2026-09-25T18:32:29.532626+00:00
e1b,22,direct,42,EXECUTE,direct_bypass_no_validation,1,1,1,0,0,,0.0,3.4699193201959133,221.562,200,1000,2026-09-25T18:32:29.816471+00:00
e1b,23,direct,42,EXECUTE,direct_bypass_no_validation,1,1,1,0,0,,0.0,3.0203661881387234,221.018,200,1000,2026-09-25T18:32:30.099685+00:00
e1b,24,direct,42,EXECUTE,direct_bypass_no_validation,1,1,1,0,0,,0.0,2.851839642971754,221.08,200,1000,2026-09-25T18:32:30.382907+00:00
e1b,25,direct,42,EXECUTE,direct_bypass_no_validation,1,1,1,0,0,,0.0,3.494805656373501,220.919,200,1000,2026-09-25T18:32:30.666839+00:00
e1b,26,direct,42,EXECUTE,direct_bypass_no_validation,1,1,1,0,0,,0.0,3.7928451783955097,223.147,200,1000,2026-09-25T18:32:30.952651+00:00
e1b,27,direct,42,EXECUTE,direct_bypass_no_validation,1,1,1,0,0,,0.0,3.5292799584567547,220.276,200,1000,2026-09-25T18:32:31.237022+00:00
e1b,28,direct,42,EXECUTE,direct_bypass_no_validation,1,1,1,0,0,,0.0,3.7116818130016327,221.313,200,1000,2026-09-25T18:32:31.520610+00:00
e1b,29,direct,42,EXECUTE,direct_bypass_no_validation,1,1,1,0,0,,0.0,3.664995077997446,224.246,200,1000,2026-09-25T18:32:31.807225+00:00
e1b,30,direct,42,EXECUTE,direct_bypass_no_validation,1,1,1,0,0,,0.0,2.974319737404585,220.008,200,1000,2026-09-25T18:32:32.090040+00:00
e1b,31,direct,42,EXECUTE,direct_bypass_no_validation,1,1,1,0,0,,0.0,3.5117571242153645,220.793,200,1000,2026-09-25T18:32:32.374434+00:00
e1b,32,direct,42,EXECUTE,direct_bypass_no_validation,1,1,1,0,0,,0.0,2.910149283707142,221.443,200,1000,2026-09-25T18:32:32.657655+00:00
e1b,33,direct,42,EXECUTE,direct_bypass_no_validation,1,1,1,0,0,,0.0,3.210002090781927,220.456,200,1000,2026-09-25T18:32:32.940815+00:00
e1b,34,direct,42,EXECUTE,direct_bypass_no_validation,1,1,1,0,0,,0.0,3.5408618859946728,221.612,200,1000,2026-09-25T18:32:33.225299+00:00
e1b,35,direct,42,EXECUTE,direct_bypass_no_validation,1,1,1,0,0,,0.0,4.035669844597578,224.236,200,1000,2026-09-25T18:32:33.512718+00:00
e1b,36,direct,42,EXECUTE,direct_bypass_no_validation,1,1,1,0,0,,0.0,3.549328073859215,222.238,200,1000,2026-09-25T18:32:33.798632+00:00
e1b,37,direct,42,EXECUTE,direct_bypass_no_validation,1,1,1,0,0,,0.0,3.1687840819358826,221.635,200,1000,2026-09-25T18:32:34.082444+00:00
e1b,38,direct,42,EXECUTE,direct_bypass_no_validation,1,1,1,0,0,,0.0,3.351908177137375,222.298,200,1000,2026-09-25T18:32:34.367504+00:00
e1b,39,direct,42,EXECUTE,direct_bypass_no_validation,1,1,1,0,0,,0.0,3.826988860964775,222.544,200,1000,2026-09-25T18:32:34.650883+00:00
e1b,40,direct,42,EXECUTE,direct_bypass_no_validation,1,1,1,0,0,,0.0,2.816634252667427,220.172,200,1000,2026-09-25T18:32:34.932771+00:00
e1b,41,direct,42,EXECUTE,direct_bypass_no_validation,1,1,1,0,0,,0.0,2.6435190811753273,220.743,200,1000,2026-09-25T18:32:35.214469+00:00
e1b,42,direct,42,EXECUTE,direct_bypass_no_validation,1,1,1,0,0,,0.0,4.049627110362053,221.136,200,1000,2026-09-25T18:32:35.499446+00:00
e1b,43,direct,42,EXECUTE,direct_bypass_no_validation,1,1,1,0,0,,0.0,3.1052958220243454,221.183,200,1000,2026-09-25T18:32:35.782522+00:00
e1b,44,direct,42,EXECUTE,direct_bypass_no_validation,1,1,1,0,0,,0.0,2.8592729941010475,219.192,200,1000,2026-09-25T18:32:36.064178+00:00
e1b,45,direct,42,EXECUTE,direct_bypass_no_validation,1,1,1,0,0,,0.0,2.737083937972784,218.89,200,1000,2026-09-25T18:32:36.344711+00:00
e1b,46,direct,42,EXECUTE,direct_bypass_no_validation,1,1,1,0,0,,0.0,3.2030288130044937,221.22,200,1000,2026-09-25T18:32:36.627782+00:00
e1b,47,direct,42,EXECUTE,direct_bypass_no_validation,1,1,1,0,0,,0.0,3.199441824108362,221.54,200,1000,2026-09-25T18:32:36.911948+00:00
e1b,48,direct,42,EXECUTE,direct_bypass_no_validation,1,1,1,0,0,,0.0,2.9754722490906715,219.994,200,1000,2026-09-25T18:32:37.194723+00:00
e1b,49,direct,42,EXECUTE,direct_bypass_no_validation,1,1,1,0,0,,0.0,3.5102549009025097,224.504,200,1000,2026-09-25T18:32:37.481307+00:00
e1b,50,direct,42,EXECUTE,direct_bypass_no_validation,1,1,1,0,0,,0.0,3.3420701511204243,221.533,200,1000,2026-09-25T18:32:37.765835+00:00
e1b,51,direct,42,EXECUTE,direct_bypass_no_validation,1,1,1,0,0,,0.0,3.133657854050398,222.397,200,1000,2026-09-25T18:32:38.051233+00:00
e1b,52,direct,42,EXECUTE,direct_bypass_no_validation,1,1,1,0,0,,0.0,3.70970880612731,221.711,200,1000,2026-09-25T18:32:38.336414+00:00
e1b,53,direct,42,EXECUTE,direct_bypass_no_validation,1,1,1,0,0,,0.0,3.0600400641560555,220.912,200,1000,2026-09-25T18:32:38.620501+00:00
e1b,54,direct,42,EXECUTE,direct_bypass_no_validation,1,1,1,0,0,,0.0,3.6232671700417995,230.825,200,1000,2026-09-25T18:32:38.913644+00:00
e1b,55,direct,42,EXECUTE,direct_bypass_no_validation,1,1,1,0,0,,0.0,3.3826357685029507,221.012,200,1000,2026-09-25T18:32:39.197273+00:00
e1b,56,direct,42,EXECUTE,direct_bypass_no_validation,1,1,1,0,0,,0.0,2.89490120485425,220.057,200,1000,2026-09-25T18:32:39.479504+00:00
e1b,57,direct,42,EXECUTE,direct_bypass_no_validation,1,1,1,0,0,,0.0,3.035563975572586,220.173,200,1000,2026-09-25T18:32:39.763957+00:00
e1b,58,direct,42,EXECUTE,direct_bypass_no_validation,1,1,1,0,0,,0.0,3.715149126946926,223.153,200,1000,2026-09-25T18:32:40.048804+00:00
e1b,59,direct,42,EXECUTE,direct_bypass_no_validation,1,1,1,0,0,,0.0,2.760588191449642,219.673,200,1000,2026-09-25T18:32:40.331087+00:00
e1b,60,direct,42,EXECUTE,direct_bypass_no_validation,1,1,1,0,0,,0.0,3.3086873590946198,222.583,200,1000,2026-09-25T18:32:40.616263+00:00
e1b,61,direct,42,EXECUTE,direct_bypass_no_validation,1,1,1,0,0,,0.0,3.8997959345579147,224.167,200,1000,2026-09-25T18:32:40.904465+00:00
e1b,62,direct,42,EXECUTE,direct_bypass_no_validation,1,1,1,0,0,,0.0,3.3007715828716755,219.937,200,1000,2026-09-25T18:32:41.186705+00:00
e1b,63,direct,42,EXECUTE,direct_bypass_no_validation,1,1,1,0,0,,0.0,4.2277006432414055,222.198,200,1000,2026-09-25T18:32:41.470656+00:00
e1b,64,direct,42,EXECUTE,direct_bypass_no_validation,1,1,1,0,0,,0.0,3.2899011857807636,220.572,200,1000,2026-09-25T18:32:41.755386+00:00
e1b,65,direct,42,EXECUTE,direct_bypass_no_validation,1,1,1,0,0,,0.0,3.3731679432094097,220.723,200,1000,2026-09-25T18:32:42.037749+00:00
e1b,66,direct,42,EXECUTE,direct_bypass_no_validation,1,1,1,0,0,,0.0,3.3261594362556934,220.736,200,1000,2026-09-25T18:32:42.320857+00:00
e1b,67,direct,42,EXECUTE,direct_bypass_no_validation,1,1,1,0,0,,0.0,3.064177930355072,222.06,200,1000,2026-09-25T18:32:42.605746+00:00
e1b,68,direct,42,EXECUTE,direct_bypass_no_validation,1,1,1,0,0,,0.0,3.4851571545004845,222.364,200,1000,2026-09-25T18:32:42.890759+00:00
e1b,69,direct,42,EXECUTE,direct_bypass_no_validation,1,1,1,0,0,,0.0,3.232363611459732,220.796,200,1000,2026-09-25T18:32:43.174086+00:00
e1b,70,direct,42,EXECUTE,direct_bypass_no_validation,1,1,1,0,0,,0.0,2.919255755841732,221.475,200,1000,2026-09-25T18:32:43.457815+00:00
e1b,71,direct,42,EXECUTE,direct_bypass_no_validation,1,1,1,0,0,,0.0,2.78675789013505,221.704,200,1000,2026-09-25T18:32:43.741681+00:00
e1b,72,direct,42,EXECUTE,direct_bypass_no_validation,1,1,1,0,0,,0.0,4.2655207216739655,224.0,200,1000,2026-09-25T18:32:44.032167+00:00
e1b,73,direct,42,EXECUTE,direct_bypass_no_validation,1,1,1,0,0,,0.0,3.5708891227841377,221.564,200,1000,2026-09-25T18:32:44.317826+00:00
e1b,74,direct,42,EXECUTE,direct_bypass_no_validation,1,1,1,0,0,,0.0,3.8937851786613464,222.031,200,1000,2026-09-25T18:32:44.602452+00:00
e1b,75,direct,42,EXECUTE,direct_bypass_no_validation,1,1,1,0,0,,0.0,3.2614688389003277,220.445,200,1000,2026-09-25T18:32:44.884169+00:00
e1b,76,direct,42,EXECUTE,direct_bypass_no_validation,1,1,1,0,0,,0.0,3.8440399803221226,220.456,200,1000,2026-09-25T18:32:45.165755+00:00
e1b,77,direct,42,EXECUTE,direct_bypass_no_validation,1,1,1,0,0,,0.0,3.42762004584074,220.914,200,1000,2026-09-25T18:32:45.448195+00:00
e1b,78,direct,42,EXECUTE,direct_bypass_no_validation,1,1,1,0,0,,0.0,3.4672035835683346,220.291,200,1000,2026-09-25T18:32:45.729794+00:00
e1b,79,direct,42,EXECUTE,direct_bypass_no_validation,1,1,1,0,0,,0.0,3.388446755707264,219.345,200,1000,2026-09-25T18:32:46.010697+00:00
e1b,80,direct,42,EXECUTE,direct_bypass_no_validation,1,1,1,0,0,,0.0,3.203480038791895,222.76,200,1000,2026-09-25T18:32:46.296759+00:00
e1b,81,direct,42,EXECUTE,direct_bypass_no_validation,1,1,1,0,0,,0.0,3.2949307933449745,221.592,200,1000,2026-09-25T18:32:46.579727+00:00
e1b,82,direct,42,EXECUTE,direct_bypass_no_validation,1,1,1,0,0,,0.0,4.570764023810625,224.173,200,1000,2026-09-25T18:32:46.865529+00:00
e1b,83,direct,42,EXECUTE,direct_bypass_no_validation,1,1,1,0,0,,0.0,3.8886042311787605,222.526,200,1000,2026-09-25T18:32:47.151087+00:00
e1b,84,direct,42,EXECUTE,direct_bypass_no_validation,1,1,1,0,0,,0.0,3.5692062228918076,221.324,200,1000,2026-09-25T18:32:47.435532+00:00
e1b,85,direct,42,EXECUTE,direct_bypass_no_validation,1,1,1,0,0,,0.0,3.4106182865798473,220.463,200,1000,2026-09-25T18:32:47.719579+00:00
e1b,86,direct,42,EXECUTE,direct_bypass_no_validation,1,1,1,0,0,,0.0,3.2764761708676815,221.127,200,1000,2026-09-25T18:32:48.007222+00:00
e1b,87,direct,42,EXECUTE,direct_bypass_no_validation,1,1,1,0,0,,0.0,3.863175865262747,222.415,200,1000,2026-09-25T18:32:48.293858+00:00
e1b,88,direct,42,EXECUTE,direct_bypass_no_validation,1,1,1,0,0,,0.0,3.5764286294579506,220.247,200,1000,2026-09-25T18:32:48.576506+00:00
e1b,89,direct,42,EXECUTE,direct_bypass_no_validation,1,1,1,0,0,,0.0,3.3429511822760105,221.083,200,1000,2026-09-25T18:32:48.860009+00:00
e1b,90,direct,42,EXECUTE,direct_bypass_no_validation,1,1,1,0,0,,0.0,3.805939108133316,221.656,200,1000,2026-09-25T18:32:49.144178+00:00
e1b,91,direct,42,EXECUTE,direct_bypass_no_validation,1,1,1,0,0,,0.0,2.7387081645429134,218.935,200,1000,2026-09-25T18:32:49.425597+00:00
e1b,92,direct,42,EXECUTE,direct_bypass_no_validation,1,1,1,0,0,,0.0,3.746808972209692,220.395,200,1000,2026-09-25T18:32:49.708371+00:00
e1b,93,direct,42,EXECUTE,direct_bypass_no_validation,1,1,1,0,0,,0.0,3.446415066719055,221.942,200,1000,2026-09-25T18:32:49.993376+00:00
e1b,94,direct,42,EXECUTE,direct_bypass_no_validation,1,1,1,0,0,,0.0,4.584359936416149,221.843,200,1000,2026-09-25T18:32:50.278051+00:00
e1b,95,direct,42,EXECUTE,direct_bypass_no_validation,1,1,1,0,0,,0.0,3.116155043244362,220.343,200,1000,2026-09-25T18:32:50.561000+00:00
e1b,96,direct,42,EXECUTE,direct_bypass_no_validation,1,1,1,0,0,,0.0,3.2590432092547417,218.87,200,1000,2026-09-25T18:32:50.840702+00:00
e1b,97,direct,42,EXECUTE,direct_bypass_no_validation,1,1,1,0,0,,0.0,3.3096391707658768,220.661,200,1000,2026-09-25T18:32:51.122825+00:00
e1b,98,direct,42,EXECUTE,direct_bypass_no_validation,1,1,1,0,0,,0.0,2.9463572427630424,219.356,200,1000,2026-09-25T18:32:51.404516+00:00
e1b,99,direct,42,EXECUTE,direct_bypass_no_validation,1,1,1,0,0,,0.0,2.888198010623455,219.256,200,1000,2026-09-25T18:32:51.684723+00:00
e1b,0,naive,42,EXECUTE,naive_temporal_only,1,1,1,0,0,,0.036117155104875565,3.785660956054926,220.4,200,1000,2026-09-25T18:32:51.966923+00:00
e1b,1,naive,42,EXECUTE,naive_temporal_only,1,1,1,0,0,,0.03529619425535202,4.160074051469564,220.823,200,1000,2026-09-25T18:32:52.250826+00:00
e1b,2,naive,42,EXECUTE,naive_temporal_only,1,1,1,0,0,,0.027821864932775497,3.2340260222554207,220.641,200,1000,2026-09-25T18:32:52.534513+00:00
e1b,3,naive,42,EXECUTE,naive_temporal_only,1,1,1,0,0,,0.020809005945920944,3.0267667025327682,218.849,200,1000,2026-09-25T18:32:52.814914+00:00
e1b,4,naive,42,EXECUTE,naive_temporal_only,1,1,1,0,0,,0.021390151232481003,3.278801217675209,218.538,200,1000,2026-09-25T18:32:53.096007+00:00
e1b,5,naive,42,EXECUTE,naive_temporal_only,1,1,1,0,0,,0.02140132710337639,2.8846007771790028,219.18,200,1000,2026-09-25T18:32:53.377678+00:00
e1b,6,naive,42,EXECUTE,naive_temporal_only,1,1,1,0,0,,0.03599794581532478,3.627995029091835,224.648,200,1000,2026-09-25T18:32:53.664184+00:00
e1b,7,naive,42,EXECUTE,naive_temporal_only,1,1,1,0,0,,0.04430301487445831,3.3415788784623146,220.709,200,1000,2026-09-25T18:32:53.949005+00:00
e1b,8,naive,42,EXECUTE,naive_temporal_only,1,1,1,0,0,,0.03544613718986511,4.146297927945852,222.483,200,1000,2026-09-25T18:32:54.236162+00:00
e1b,9,naive,42,EXECUTE,naive_temporal_only,1,1,1,0,0,,0.029334798455238342,3.7689399905502796,223.92,200,1000,2026-09-25T18:32:54.522048+00:00
e1b,10,naive,42,EXECUTE,naive_temporal_only,1,1,1,0,0,,0.02253195270895958,3.3517968840897083,219.828,200,1000,2026-09-25T18:32:54.804304+00:00
e1b,11,naive,42,EXECUTE,naive_temporal_only,1,1,1,0,0,,0.02309400588274002,3.3441330306231976,219.976,200,1000,2026-09-25T18:32:55.087865+00:00
e1b,12,naive,42,EXECUTE,naive_temporal_only,1,1,1,0,0,,0.03544613718986511,3.355715423822403,219.745,200,1000,2026-09-25T18:32:55.369810+00:00
e1b,13,naive,42,EXECUTE,naive_temporal_only,1,1,1,0,0,,0.027531292289495468,3.141883760690689,220.942,200,1000,2026-09-25T18:32:55.653116+00:00
e1b,14,naive,42,EXECUTE,naive_temporal_only,1,1,1,0,0,,0.049863941967487335,3.6923158913850784,221.906,200,1000,2026-09-25T18:32:55.937555+00:00
e1b,15,naive,42,EXECUTE,naive_temporal_only,1,1,1,0,0,,0.03346288576722145,3.6328136920928955,222.205,200,1000,2026-09-25T18:32:56.221523+00:00
e1b,16,naive,42,EXECUTE,naive_temporal_only,1,1,1,0,0,,0.03429502248764038,3.646980971097946,221.509,200,1000,2026-09-25T18:32:56.504643+00:00
e1b,17,naive,42,EXECUTE,naive_temporal_only,1,1,1,0,0,,0.0295848585665226,2.9835072346031666,218.954,200,1000,2026-09-25T18:32:56.785428+00:00
e1b,18,naive,42,EXECUTE,naive_temporal_only,1,1,1,0,0,,0.027091242372989655,4.373844712972641,222.628,200,1000,2026-09-25T18:32:57.070248+00:00
e1b,19,naive,42,EXECUTE,naive_temporal_only,1,1,1,0,0,,0.019837170839309692,2.903637010604143,223.998,200,1000,2026-09-25T18:32:57.356740+00:00
e1b,20,naive,42,EXECUTE,naive_temporal_only,1,1,1,0,0,,0.028965063393115997,3.4715430811047554,223.608,200,1000,2026-09-25T18:32:57.643721+00:00
e1b,21,naive,42,EXECUTE,naive_temporal_only,1,1,1,0,0,,0.020046718418598175,3.119261935353279,219.607,200,1000,2026-09-25T18:32:57.925299+00:00
e1b,22,naive,42,EXECUTE,naive_temporal_only,1,1,1,0,0,,0.047449953854084015,3.773920238018036,220.279,200,1000,2026-09-25T18:32:58.206684+00:00
e1b,23,naive,42,EXECUTE,naive_temporal_only,1,1,1,0,0,,0.040635932236909866,3.8032550364732742,223.478,200,1000,2026-09-25T18:32:58.491670+00:00
e1b,24,naive,42,EXECUTE,naive_temporal_only,1,1,1,0,0,,0.040425918996334076,3.4453729167580605,222.697,200,1000,2026-09-25T18:32:58.777111+00:00
e1b,25,naive,42,EXECUTE,naive_temporal_only,1,1,1,0,0,,0.020118430256843567,3.1479853205382824,221.642,200,1000,2026-09-25T18:32:59.064474+00:00
e1b,26,naive,42,EXECUTE,naive_temporal_only,1,1,1,0,0,,0.023834872990846634,2.8323628939688206,218.8,200,1000,2026-09-25T18:32:59.344494+00:00
e1b,27,naive,42,EXECUTE,naive_temporal_only,1,1,1,0,0,,0.02330401912331581,2.894188743084669,220.687,200,1000,2026-09-25T18:32:59.627958+00:00
e1b,28,naive,42,EXECUTE,naive_temporal_only,1,1,1,0,0,,0.022012274712324142,3.716592211276293,222.191,200,1000,2026-09-25T18:32:59.912837+00:00
e1b,29,naive,42,EXECUTE,naive_temporal_only,1,1,1,0,0,,0.023463740944862366,2.941627986729145,221.79,200,1000,2026-09-25T18:33:00.197663+00:00
e1b,30,naive,42,EXECUTE,naive_temporal_only,1,1,1,0,0,,0.028333161026239395,3.7721460685133934,224.211,200,1000,2026-09-25T18:33:00.484343+00:00
e1b,31,naive,42,EXECUTE,naive_temporal_only,1,1,1,0,0,,0.027422327548265457,3.462796099483967,221.498,200,1000,2026-09-25T18:33:00.768250+00:00
e1b,32,naive,42,EXECUTE,naive_temporal_only,1,1,1,0,0,,0.021850690245628357,2.9330719262361526,219.537,200,1000,2026-09-25T18:33:01.052215+00:00
e1b,33,naive,42,EXECUTE,naive_temporal_only,1,1,1,0,0,,0.030536670237779617,3.410699311643839,221.154,200,1000,2026-09-25T18:33:01.336206+00:00
e1b,34,naive,42,EXECUTE,naive_temporal_only,1,1,1,0,0,,0.02411613240838051,3.3590407110750675,220.527,200,1000,2026-09-25T18:33:01.619033+00:00
e1b,35,naive,42,EXECUTE,naive_temporal_only,1,1,1,0,0,,0.0249459408223629,3.155770245939493,221.33,200,1000,2026-09-25T18:33:01.902758+00:00
e1b,36,naive,42,EXECUTE,naive_temporal_only,1,1,1,0,0,,0.023533590137958527,3.3581899479031563,222.769,200,1000,2026-09-25T18:33:02.187908+00:00
e1b,37,naive,42,EXECUTE,naive_temporal_only,1,1,1,0,0,,0.02309400588274002,2.8474819846451283,222.148,200,1000,2026-09-25T18:33:02.472299+00:00
e1b,38,naive,42,EXECUTE,naive_temporal_only,1,1,1,0,0,,0.028843991458415985,3.261187579482794,221.163,200,1000,2026-09-25T18:33:02.758267+00:00
e1b,39,naive,42,EXECUTE,naive_temporal_only,1,1,1,0,0,,0.02816319465637207,3.0480478890240192,220.407,200,1000,2026-09-25T18:33:03.040562+00:00
e1b,40,naive,42,EXECUTE,naive_temporal_only,1,1,1,0,0,,0.027611851692199707,3.6575710400938988,221.155,200,1000,2026-09-25T18:33:03.323966+00:00
e1b,41,naive,42,EXECUTE,naive_temporal_only,1,1,1,0,0,,0.03951508551836014,3.7973029538989067,221.971,200,1000,2026-09-25T18:33:03.608669+00:00
e1b,42,naive,42,EXECUTE,naive_temporal_only,1,1,1,0,0,,0.024386215955018997,3.1781718134880066,219.625,200,1000,2026-09-25T18:33:03.890809+00:00
e1b,43,naive,42,EXECUTE,naive_temporal_only,1,1,1,0,0,,0.02283276990056038,3.6000236868858337,221.773,200,1000,2026-09-25T18:33:04.175336+00:00
e1b,44,naive,42,EXECUTE,naive_temporal_only,1,1,1,0,0,,0.020979437977075577,3.036265727132559,221.27,200,1000,2026-09-25T18:33:04.458934+00:00
e1b,45,naive,42,EXECUTE,naive_temporal_only,1,1,1,0,0,,0.04874216392636299,4.218643996864557,221.633,200,1000,2026-09-25T18:33:04.743036+00:00
e1b,46,naive,42,EXECUTE,naive_temporal_only,1,1,1,0,0,,0.02373475581407547,3.323344048112631,220.206,200,1000,2026-09-25T18:33:05.024716+00:00
e1b,47,naive,42,EXECUTE,naive_temporal_only,1,1,1,0,0,,0.022632069885730743,3.4025730565190315,219.924,200,1000,2026-09-25T18:33:05.311459+00:00
e1b,48,naive,42,EXECUTE,naive_temporal_only,1,1,1,0,0,,0.023344065994024277,3.217967227101326,223.424,200,1000,2026-09-25T18:33:05.598066+00:00
e1b,49,naive,42,EXECUTE,naive_temporal_only,1,1,1,0,0,,0.051567330956459045,3.197637852281332,221.048,200,1000,2026-09-25T18:33:05.882230+00:00
e1b,50,naive,42,EXECUTE,naive_temporal_only,1,1,1,0,0,,0.027321279048919678,3.256309311836958,220.168,200,1000,2026-09-25T18:33:06.166726+00:00
e1b,51,naive,42,EXECUTE,naive_temporal_only,1,1,1,0,0,,0.01942599192261696,3.017430193722248,219.168,200,1000,2026-09-25T18:33:06.448573+00:00
e1b,52,naive,42,EXECUTE,naive_temporal_only,1,1,1,0,0,,0.03539677709341049,3.4444709308445454,220.972,200,1000,2026-09-25T18:33:06.733343+00:00
e1b,53,naive,42,EXECUTE,naive_temporal_only,1,1,1,0,0,,0.037631019949913025,3.6900220438838005,220.711,200,1000,2026-09-25T18:33:07.017269+00:00
e1b,54,naive,42,EXECUTE,naive_temporal_only,1,1,1,0,0,,0.03300188109278679,3.434182144701481,220.818,200,1000,2026-09-25T18:33:07.302433+00:00
e1b,55,naive,42,EXECUTE,naive_temporal_only,1,1,1,0,0,,0.021330080926418304,2.840027678757906,221.564,200,1000,2026-09-25T18:33:07.586333+00:00
e1b,56,naive,42,EXECUTE,naive_temporal_only,1,1,1,0,0,,0.024055130779743195,3.26540507376194,219.633,200,1000,2026-09-25T18:33:07.867826+00:00
e1b,57,naive,42,EXECUTE,naive_temporal_only,1,1,1,0,0,,0.05644606426358223,3.8004089146852493,221.13,200,1000,2026-09-25T18:33:08.152100+00:00
e1b,58,naive,42,EXECUTE,naive_temporal_only,1,1,1,0,0,,0.0193864107131958,2.5401748716831207,218.489,200,1000,2026-09-25T18:33:08.434986+00:00
e1b,59,naive,42,EXECUTE,naive_temporal_only,1,1,1,0,0,,0.020898878574371338,2.5566755793988705,218.807,200,1000,2026-09-25T18:33:08.720441+00:00
e1b,60,naive,42,EXECUTE,naive_temporal_only,1,1,1,0,0,,0.02735201269388199,3.3095888793468475,220.969,200,1000,2026-09-25T18:33:09.003568+00:00
e1b,61,naive,42,EXECUTE,naive_temporal_only,1,1,1,0,0,,0.04457402974367142,3.775952849537134,220.426,200,1000,2026-09-25T18:33:09.286906+00:00
e1b,62,naive,42,EXECUTE,naive_temporal_only,1,1,1,0,0,,0.03137858584523201,3.4081628546118736,222.24,200,1000,2026-09-25T18:33:09.574853+00:00
e1b,63,naive,42,EXECUTE,naive_temporal_only,1,1,1,0,0,,0.019976869225502014,3.3222022466361523,219.457,200,1000,2026-09-25T18:33:09.857351+00:00
e1b,64,naive,42,EXECUTE,naive_temporal_only,1,1,1,0,0,,0.022310763597488403,3.0759801156818867,219.416,200,1000,2026-09-25T18:33:10.138020+00:00
e1b,65,naive,42,EXECUTE,naive_temporal_only,1,1,1,0,0,,0.06408104673027992,4.156908020377159,220.7,200,1000,2026-09-25T18:33:10.420524+00:00
e1b,66,naive,42,EXECUTE,naive_temporal_only,1,1,1,0,0,,0.023724045604467392,2.9151388444006443,219.502,200,1000,2026-09-25T18:33:10.702049+00:00
e1b,67,naive,42,EXECUTE,naive_temporal_only,1,1,1,0,0,,0.02960488200187683,4.2745680548250675,221.555,200,1000,2026-09-25T18:33:10.985236+00:00
e1b,68,naive,42,EXECUTE,naive_temporal_only,1,1,1,0,0,,0.054522883147001266,3.662601113319397,223.014,200,1000,2026-09-25T18:33:11.270917+00:00
e1b,69,naive,42,EXECUTE,naive_temporal_only,1,1,1,0,0,,0.03866339102387428,3.5629840567708015,219.59,200,1000,2026-09-25T18:33:11.553089+00:00
e1b,70,naive,42,EXECUTE,naive_temporal_only,1,1,1,0,0,,0.019316095858812332,2.8490740805864334,218.819,200,1000,2026-09-25T18:33:11.834774+00:00
e1b,71,naive,42,EXECUTE,naive_temporal_only,1,1,1,0,0,,0.026199035346508026,2.9757623560726643,219.314,200,1000,2026-09-25T18:33:12.115503+00:00
e1b,72,naive,42,EXECUTE,naive_temporal_only,1,1,1,0,0,,0.023964792490005493,2.9455753974616528,219.208,200,1000,2026-09-25T18:33:12.396738+00:00
e1b,73,naive,42,EXECUTE,naive_temporal_only,1,1,1,0,0,,0.019637402147054672,2.9942779801785946,219.468,200,1000,2026-09-25T18:33:12.677287+00:00
e1b,74,naive,42,EXECUTE,naive_temporal_only,1,1,1,0,0,,0.026149209588766098,3.223407082259655,220.383,200,1000,2026-09-25T18:33:12.959160+00:00
e1b,75,naive,42,EXECUTE,naive_temporal_only,1,1,1,0,0,,0.019516795873641968,2.8657359071075916,219.823,200,1000,2026-09-25T18:33:13.240383+00:00
e1b,76,naive,42,EXECUTE,naive_temporal_only,1,1,1,0,0,,0.03258185461163521,3.0853678472340107,219.514,200,1000,2026-09-25T18:33:13.521117+00:00
e1b,77,naive,42,EXECUTE,naive_temporal_only,1,1,1,0,0,,0.020098406821489334,2.7360920794308186,219.211,200,1000,2026-09-25T18:33:13.802010+00:00
e1b,78,naive,42,EXECUTE,naive_temporal_only,1,1,1,0,0,,0.02653989940881729,2.8914944268763065,220.728,200,1000,2026-09-25T18:33:14.087899+00:00
e1b,79,naive,42,EXECUTE,naive_temporal_only,1,1,1,0,0,,0.07780594751238823,3.974956925958395,224.839,200,1000,2026-09-25T18:33:14.377339+00:00
e1b,80,naive,42,EXECUTE,naive_temporal_only,1,1,1,0,0,,0.01864507794380188,2.8547649271786213,219.269,200,1000,2026-09-25T18:33:14.657794+00:00
e1b,81,naive,42,EXECUTE,naive_temporal_only,1,1,1,0,0,,0.0197472982108593,2.9842890799045563,220.105,200,1000,2026-09-25T18:33:14.940756+00:00
e1b,82,naive,42,EXECUTE,naive_temporal_only,1,1,1,0,0,,0.019416213035583496,3.035103902220726,219.402,200,1000,2026-09-25T18:33:15.221468+00:00
e1b,83,naive,42,EXECUTE,naive_temporal_only,1,1,1,0,0,,0.04066620022058487,3.2603456638753414,221.284,200,1000,2026-09-25T18:33:15.504888+00:00
e1b,84,naive,42,EXECUTE,naive_temporal_only,1,1,1,0,0,,0.04632677882909775,3.9413338527083397,222.567,200,1000,2026-09-25T18:33:15.789043+00:00
e1b,85,naive,42,EXECUTE,naive_temporal_only,1,1,1,0,0,,0.027181115001440048,3.07642063125968,223.553,200,1000,2026-09-25T18:33:16.075419+00:00
e1b,86,naive,42,EXECUTE,naive_temporal_only,1,1,1,0,0,,0.025758985430002213,3.5901940427720547,222.372,200,1000,2026-09-25T18:33:16.359421+00:00
e1b,87,naive,42,EXECUTE,naive_temporal_only,1,1,1,0,0,,0.020748935639858246,2.9059010557830334,219.846,200,1000,2026-09-25T18:33:16.642448+00:00
e1b,88,naive,42,EXECUTE,naive_temporal_only,1,1,1,0,0,,0.0361977145075798,2.9989462345838547,220.712,200,1000,2026-09-25T18:33:16.924713+00:00
e1b,89,naive,42,EXECUTE,naive_temporal_only,1,1,1,0,0,,0.021840911358594894,2.95803789049387,220.105,200,1000,2026-09-25T18:33:17.216736+00:00
e1b,90,naive,42,EXECUTE,naive_temporal_only,1,1,1,0,0,,0.023033004254102707,3.5426151007413864,220.278,200,1000,2026-09-25T18:33:17.499102+00:00
e1b,91,naive,42,EXECUTE,naive_temporal_only,1,1,1,0,0,,0.02659996971487999,3.1666401773691177,220.045,200,1000,2026-09-25T18:33:17.780215+00:00
e1b,92,naive,42,EXECUTE,naive_temporal_only,1,1,1,0,0,,0.023463740944862366,3.190654795616865,221.152,200,1000,2026-09-25T18:33:18.067428+00:00
e1b,93,naive,42,EXECUTE,naive_temporal_only,1,1,1,0,0,,0.0688689760863781,3.8282223977148533,220.517,200,1000,2026-09-25T18:33:18.350544+00:00
e1b,94,naive,42,EXECUTE,naive_temporal_only,1,1,1,0,0,,0.031229108572006226,3.3552940003573895,221.296,200,1000,2026-09-25T18:33:18.634710+00:00
e1b,95,naive,42,EXECUTE,naive_temporal_only,1,1,1,0,0,,0.034874770790338516,3.388526849448681,220.119,200,1000,2026-09-25T18:33:18.917853+00:00
e1b,96,naive,42,EXECUTE,naive_temporal_only,1,1,1,0,0,,0.036277808248996735,3.35100619122386,222.185,200,1000,2026-09-25T18:33:19.202874+00:00
e1b,97,naive,42,EXECUTE,naive_temporal_only,1,1,1,0,0,,0.0231829471886158,2.812064718455076,219.734,200,1000,2026-09-25T18:33:19.487507+00:00
e1b,98,naive,42,EXECUTE,naive_temporal_only,1,1,1,0,0,,0.02431590110063553,3.2038697972893715,220.333,200,1000,2026-09-25T18:33:19.769634+00:00
e1b,99,naive,42,EXECUTE,naive_temporal_only,1,1,1,0,0,,0.04067691043019295,3.9974888786673546,222.222,200,1000,2026-09-25T18:33:20.055428+00:00
e1b,0,local,42,REVOKE,precondition_failed: line.state == 'RUN',1,0,0,1,0,,4.68360586091876,8.000717964023352,227.157,200,1000,2026-09-25T18:33:20.345310+00:00
e1b,1,local,42,REVOKE,precondition_failed: line.state == 'RUN',1,0,0,1,0,,4.036081023514271,7.0301382802426815,224.105,200,1000,2026-09-25T18:33:20.631049+00:00
e1b,2,local,42,REVOKE,precondition_failed: line.state == 'RUN',1,0,0,1,0,,4.73331892862916,8.223767392337322,224.755,200,1000,2026-09-25T18:33:20.918384+00:00
e1b,3,local,42,REVOKE,precondition_failed: line.state == 'RUN',1,0,0,1,0,,4.654220771044493,7.898116018623114,225.47,200,1000,2026-09-25T18:33:21.205484+00:00
e1b,4,local,42,REVOKE,precondition_failed: line.state == 'RUN',1,0,0,1,0,,5.288139916956425,8.830034174025059,226.231,200,1000,2026-09-25T18:33:21.493383+00:00
e1b,5,local,42,REVOKE,precondition_failed: line.state == 'RUN',1,0,0,1,0,,4.859736654907465,8.955519180744886,225.534,200,1000,2026-09-25T18:33:21.781048+00:00
e1b,6,local,42,REVOKE,precondition_failed: line.state == 'RUN',1,0,0,1,0,,4.028216935694218,7.057639304548502,229.244,200,1000,2026-09-25T18:33:22.074664+00:00
e1b,7,local,42,REVOKE,precondition_failed: line.state == 'RUN',1,0,0,1,0,,4.477139096707106,7.332845125347376,223.367,200,1000,2026-09-25T18:33:22.358728+00:00
e1b,8,local,42,REVOKE,precondition_failed: line.state == 'RUN',1,0,0,1,0,,4.633252043277025,7.653636857867241,225.201,200,1000,2026-09-25T18:33:22.644862+00:00
e1b,9,local,42,REVOKE,precondition_failed: line.state == 'RUN',1,0,0,1,0,,4.343337845057249,7.080082315951586,222.768,200,1000,2026-09-25T18:33:22.929726+00:00
e1b,10,local,42,REVOKE,precondition_failed: line.state == 'RUN',1,0,0,1,0,,4.259089007973671,7.019127253443003,222.925,200,1000,2026-09-25T18:33:23.213722+00:00
e1b,11,local,42,REVOKE,precondition_failed: line.state == 'RUN',1,0,0,1,0,,4.393761977553368,7.278814911842346,223.832,200,1000,2026-09-25T18:33:23.500472+00:00
e1b,12,local,42,REVOKE,precondition_failed: line.state == 'RUN',1,0,0,1,0,,4.599988926202059,7.8817252069711685,226.349,200,1000,2026-09-25T18:33:23.788666+00:00
e1b,13,local,42,REVOKE,precondition_failed: line.state == 'RUN',1,0,0,1,0,,4.999950062483549,8.120944257825613,225.636,200,1000,2026-09-25T18:33:24.076845+00:00
e1b,14,local,42,REVOKE,precondition_failed: line.state == 'RUN',1,0,0,1,0,,5.393537692725658,9.142039343714714,226.061,200,1000,2026-09-25T18:33:24.366928+00:00
e1b,15,local,42,REVOKE,precondition_failed: line.state == 'RUN',1,0,0,1,0,,4.3932609260082245,7.333727087825537,223.713,200,1000,2026-09-25T18:33:24.651927+00:00
e1b,16,local,42,REVOKE,precondition_failed: line.state == 'RUN',1,0,0,1,0,,4.13809297606349,6.916333921253681,222.223,200,1000,2026-09-25T18:33:24.936440+00:00
e1b,17,local,42,REVOKE,precondition_failed: line.state == 'RUN',1,0,0,1,0,,4.257285967469215,7.135896012187004,224.071,200,1000,2026-09-25T18:33:25.221668+00:00
e1b,18,local,42,REVOKE,precondition_failed: line.state == 'RUN',1,0,0,1,0,,3.902851138263941,6.936702877283096,223.893,200,1000,2026-09-25T18:33:25.507508+00:00
e1b,19,local,42,REVOKE,precondition_failed: line.state == 'RUN',1,0,0,1,0,,4.713602364063263,8.145079016685486,225.903,200,1000,2026-09-25T18:33:25.795446+00:00
e1b,20,local,42,REVOKE,precondition_failed: line.state == 'RUN',1,0,0,1,0,,4.502736963331699,7.411983795464039,224.089,200,1000,2026-09-25T18:33:26.082423+00:00
e1b,21,local,42,REVOKE,precondition_failed: line.state == 'RUN',1,0,0,1,0,,4.092566668987274,6.848807912319899,225.118,200,1000,2026-09-25T18:33:26.370313+00:00
e1b,22,local,42,REVOKE,precondition_failed: line.state == 'RUN',1,0,0,1,0,,4.874654114246368,8.293898310512304,226.707,200,1000,2026-09-25T18:33:26.659725+00:00
e1b,23,local,42,REVOKE,precondition_failed: line.state == 'RUN',1,0,0,1,0,,5.556273274123669,10.717845056205988,229.089,200,1000,2026-09-25T18:33:26.951877+00:00
e1b,24,local,42,REVOKE,precondition_failed: line.state == 'RUN',1,0,0,1,0,,4.454295616596937,7.868690881878138,225.733,200,1000,2026-09-25T18:33:27.241577+00:00
e1b,25,local,42,REVOKE,precondition_failed: line.state == 'RUN',1,0,0,1,0,,4.624685738235712,8.11542384326458,225.683,200,1000,2026-09-25T18:33:27.529463+00:00
e1b,26,local,42,REVOKE,precondition_failed: line.state == 'RUN',1,0,0,1,0,,4.925178829580545,8.654003962874413,227.111,200,1000,2026-09-25T18:33:27.818477+00:00
e1b,27,local,42,REVOKE,precondition_failed: line.state == 'RUN',1,0,0,1,0,,4.985271953046322,8.342439774423838,225.842,200,1000,2026-09-25T18:33:28.106267+00:00
e1b,28,local,42,REVOKE,precondition_failed: line.state == 'RUN',1,0,0,1,0,,5.653915926814079,9.478399995714426,227.299,200,1000,2026-09-25T18:33:28.396503+00:00
e1b,29,local,42,REVOKE,precondition_failed: line.state == 'RUN',1,0,0,1,0,,5.188562907278538,8.761394768953323,229.439,200,1000,2026-09-25T18:33:28.688617+00:00
e1b,30,local,42,REVOKE,precondition_failed: line.state == 'RUN',1,0,0,1,0,,4.135076887905598,7.567175198346376,225.804,200,1000,2026-09-25T18:33:28.977563+00:00
e1b,31,local,42,REVOKE,precondition_failed: line.state == 'RUN',1,0,0,1,0,,4.422386176884174,7.21683818846941,225.77,200,1000,2026-09-25T18:33:29.265970+00:00
e1b,32,local,42,REVOKE,precondition_failed: line.state == 'RUN',1,0,0,1,0,,5.012153182178736,8.50777979940176,225.097,200,1000,2026-09-25T18:33:29.553755+00:00
e1b,33,local,42,REVOKE,precondition_failed: line.state == 'RUN',1,0,0,1,0,,4.7923000529408455,8.683680091053247,225.568,200,1000,2026-09-25T18:33:29.842650+00:00
e1b,34,local,42,REVOKE,precondition_failed: line.state == 'RUN',1,0,0,1,0,,4.219075199216604,7.026660721749067,223.394,200,1000,2026-09-25T18:33:30.127071+00:00
e1b,35,local,42,REVOKE,precondition_failed: line.state == 'RUN',1,0,0,1,0,,4.315965808928013,7.800852879881859,226.266,200,1000,2026-09-25T18:33:30.416710+00:00
e1b,36,local,42,REVOKE,precondition_failed: line.state == 'RUN',1,0,0,1,0,,5.488134920597076,9.189478121697903,225.757,200,1000,2026-09-25T18:33:30.705083+00:00
e1b,37,local,42,REVOKE,precondition_failed: line.state == 'RUN',1,0,0,1,0,,4.392199218273163,7.283202838152647,225.434,200,1000,2026-09-25T18:33:30.993627+00:00
e1b,38,local,42,REVOKE,precondition_failed: line.state == 'RUN',1,0,0,1,0,,4.795585758984089,8.257770910859108,228.325,200,1000,2026-09-25T18:33:31.283329+00:00
e1b,39,local,42,REVOKE,precondition_failed: line.state == 'RUN',1,0,0,1,0,,4.290117882192135,7.457660045474768,225.416,200,1000,2026-09-25T18:33:31.570970+00:00
e1b,40,local,42,REVOKE,precondition_failed: line.state == 'RUN',1,0,0,1,0,,5.401241593062878,9.527693036943674,226.763,200,1000,2026-09-25T18:33:31.859504+00:00
e1b,41,local,42,REVOKE,precondition_failed: line.state == 'RUN',1,0,0,1,0,,4.016514867544174,6.964494939893484,224.052,200,1000,2026-09-25T18:33:32.148227+00:00
e1b,42,local,42,REVOKE,precondition_failed: line.state == 'RUN',1,0,0,1,0,,5.470171105116606,8.591726887971163,229.675,200,1000,2026-09-25T18:33:32.442012+00:00
e1b,43,local,42,REVOKE,precondition_failed: line.state == 'RUN',1,0,0,1,0,,4.66294726356864,8.284030947834253,228.897,200,1000,2026-09-25T18:33:32.732908+00:00
e1b,44,local,42,REVOKE,precondition_failed: line.state == 'RUN',1,0,0,1,0,,4.897125996649265,8.834251668304205,229.269,200,1000,2026-09-25T18:33:33.025474+00:00
e1b,45,local,42,REVOKE,precondition_failed: line.state == 'RUN',1,0,0,1,0,,4.722137935459614,8.010367397218943,224.749,200,1000,2026-09-25T18:33:33.312928+00:00
e1b,46,local,42,REVOKE,precondition_failed: line.state == 'RUN',1,0,0,1,0,,5.869030021131039,9.766321163624525,227.144,200,1000,2026-09-25T18:33:33.602055+00:00
e1b,47,local,42,REVOKE,precondition_failed: line.state == 'RUN',1,0,0,1,0,,8.983701933175325,12.992523144930601,229.385,200,1000,2026-09-25T18:33:33.893608+00:00
e1b,48,local,42,REVOKE,precondition_failed: line.state == 'RUN',1,0,0,1,0,,4.536268766969442,8.106004912406206,226.965,200,1000,2026-09-25T18:33:34.184090+00:00
e1b,49,local,42,REVOKE,precondition_failed: line.state == 'RUN',1,0,0,1,0,,4.043835680931807,7.029074709862471,224.24,200,1000,2026-09-25T18:33:34.471563+00:00
e1b,50,local,42,REVOKE,precondition_failed: line.state == 'RUN',1,0,0,1,0,,4.3121399357914925,7.565902080386877,225.381,200,1000,2026-09-25T18:33:34.758077+00:00
e1b,51,local,42,REVOKE,precondition_failed: line.state == 'RUN',1,0,0,1,0,,4.031892865896225,6.876800209283829,223.086,200,1000,2026-09-25T18:33:35.046846+00:00
e1b,52,local,42,REVOKE,precondition_failed: line.state == 'RUN',1,0,0,1,0,,5.5473861284554005,9.390966035425663,227.122,200,1000,2026-09-25T18:33:35.335293+00:00
e1b,53,local,42,REVOKE,precondition_failed: line.state == 'RUN',1,0,0,1,0,,3.9960858412086964,7.850617170333862,224.453,200,1000,2026-09-25T18:33:35.623073+00:00
e1b,54,local,42,REVOKE,precondition_failed: line.state == 'RUN',1,0,0,1,0,,4.3806773610413074,7.498005870729685,223.686,200,1000,2026-09-25T18:33:35.909484+00:00
e1b,55,local,42,REVOKE,precondition_failed: line.state == 'RUN',1,0,0,1,0,,4.294946789741516,8.647361770272255,227.091,200,1000,2026-09-25T18:33:36.199560+00:00
e1b,56,local,42,REVOKE,precondition_failed: line.state == 'RUN',1,0,0,1,0,,5.329498089849949,9.461028035730124,228.68,200,1000,2026-09-25T18:33:36.491601+00:00
e1b,57,local,42,REVOKE,precondition_failed: line.state == 'RUN',1,0,0,1,0,,4.67649195343256,7.938711903989315,225.216,200,1000,2026-09-25T18:33:36.779740+00:00
e1b,58,local,42,REVOKE,precondition_failed: line.state == 'RUN',1,0,0,1,0,,4.152680281549692,7.279355078935623,223.521,200,1000,2026-09-25T18:33:37.066703+00:00
e1b,59,local,42,REVOKE,precondition_failed: line.state == 'RUN',1,0,0,1,0,,4.71862219274044,8.081820793449879,233.157,200,1000,2026-09-25T18:33:37.362415+00:00
e1b,60,local,42,REVOKE,precondition_failed: line.state == 'RUN',1,0,0,1,0,,4.9987370148301125,8.56883404776454,224.174,200,1000,2026-09-25T18:33:37.648259+00:00
e1b,61,local,42,REVOKE,precondition_failed: line.state == 'RUN',1,0,0,1,0,,4.987415857613087,8.749201893806458,227.641,200,1000,2026-09-25T18:33:37.938327+00:00
e1b,62,local,42,REVOKE,precondition_failed: line.state == 'RUN',1,0,0,1,0,,5.12500386685133,8.535360917448997,226.818,200,1000,2026-09-25T18:33:38.227404+00:00
e1b,63,local,42,REVOKE,precondition_failed: line.state == 'RUN',1,0,0,1,0,,3.6357901990413666,6.209598854184151,221.841,200,1000,2026-09-25T18:33:38.512166+00:00
e1b,64,local,42,REVOKE,precondition_failed: line.state == 'RUN',1,0,0,1,0,,4.669639747589827,7.954902946949005,226.606,200,1000,2026-09-25T18:33:38.800731+00:00
e1b,65,local,42,REVOKE,precondition_failed: line.state == 'RUN',1,0,0,1,0,,4.585231188684702,8.0250040628016,227.944,200,1000,2026-09-25T18:33:39.092176+00:00
e1b,66,local,42,REVOKE,precondition_failed: line.state == 'RUN',1,0,0,1,0,,4.852853249758482,9.762544184923172,227.809,200,1000,2026-09-25T18:33:39.382207+00:00
e1b,67,local,42,REVOKE,precondition_failed: line.state == 'RUN',1,0,0,1,0,,4.16431063786149,6.960577331483364,223.687,200,1000,2026-09-25T18:33:39.669009+00:00
e1b,68,local,42,REVOKE,precondition_failed: line.state == 'RUN',1,0,0,1,0,,3.745195921510458,6.936272140592337,225.2,200,1000,2026-09-25T18:33:39.955398+00:00
e1b,69,local,42,REVOKE,precondition_failed: line.state == 'RUN',1,0,0,1,0,,7.970202248543501,11.277185287326574,230.767,200,1000,2026-09-25T18:33:40.249546+00:00
e1b,70,local,42,REVOKE,precondition_failed: line.state == 'RUN',1,0,0,1,0,,5.021960940212011,9.346423204988241,227.149,200,1000,2026-09-25T18:33:40.540171+00:00
e1b,71,local,42,REVOKE,precondition_failed: line.state == 'RUN',1,0,0,1,0,,4.795506130903959,8.39201221242547,227.024,200,1000,2026-09-25T18:33:40.830084+00:00
e1b,72,local,42,REVOKE,precondition_failed: line.state == 'RUN',1,0,0,1,0,,5.27909304946661,8.608058094978333,226.643,200,1000,2026-09-25T18:33:41.119884+00:00
e1b,73,local,42,REVOKE,precondition_failed: line.state == 'RUN',1,0,0,1,0,,4.485033918172121,7.839186117053032,225.484,200,1000,2026-09-25T18:33:41.408608+00:00
e1b,74,local,42,REVOKE,precondition_failed: line.state == 'RUN',1,0,0,1,0,,4.361521918326616,7.896252907812595,226.826,200,1000,2026-09-25T18:33:41.699073+00:00
e1b,75,local,42,REVOKE,precondition_failed: line.state == 'RUN',1,0,0,1,0,,4.245583899319172,7.34452810138464,226.092,200,1000,2026-09-25T18:33:41.989910+00:00
e1b,76,local,42,REVOKE,precondition_failed: line.state == 'RUN',1,0,0,1,0,,4.778554197400808,9.150534868240356,228.841,200,1000,2026-09-25T18:33:42.282146+00:00
e1b,77,local,42,REVOKE,precondition_failed: line.state == 'RUN',1,0,0,1,0,,3.7987958639860153,7.274014875292778,224.642,200,1000,2026-09-25T18:33:42.569695+00:00
e1b,78,local,42,REVOKE,precondition_failed: line.state == 'RUN',1,0,0,1,0,,4.095933865755796,7.074811961501837,224.912,200,1000,2026-09-25T18:33:42.856414+00:00
e1b,79,local,42,REVOKE,precondition_failed: line.state == 'RUN',1,0,0,1,0,,4.932713229209185,8.229297120124102,226.833,200,1000,2026-09-25T18:33:43.144306+00:00
e1b,80,local,42,REVOKE,precondition_failed: line.state == 'RUN',1,0,0,1,0,,4.3664309196174145,7.621436845511198,226.317,200,1000,2026-09-25T18:33:43.432420+00:00
e1b,81,local,42,REVOKE,precondition_failed: line.state == 'RUN',1,0,0,1,0,,4.2739869095385075,7.057238835841417,224.066,200,1000,2026-09-25T18:33:43.718901+00:00
e1b,82,local,42,REVOKE,precondition_failed: line.state == 'RUN',1,0,0,1,0,,4.275781102478504,7.402536924928427,224.696,200,1000,2026-09-25T18:33:44.004263+00:00
e1b,83,local,42,REVOKE,precondition_failed: line.state == 'RUN',1,0,0,1,0,,5.3033181466162205,9.343768004328012,225.797,200,1000,2026-09-25T18:33:44.292328+00:00
e1b,84,local,42,REVOKE,precondition_failed: line.state == 'RUN',1,0,0,1,0,,4.403130151331425,7.760637905448675,227.32,200,1000,2026-09-25T18:33:44.582223+00:00
e1b,85,local,42,REVOKE,precondition_failed: line.state == 'RUN',1,0,0,1,0,,4.5492639765143394,7.6817600056529045,226.704,200,1000,2026-09-25T18:33:44.870560+00:00
e1b,86,local,42,REVOKE,precondition_failed: line.state == 'RUN',1,0,0,1,0,,4.802928771823645,7.78778875246644,225.01,200,1000,2026-09-25T18:33:45.159006+00:00
e1b,87,local,42,REVOKE,precondition_failed: line.state == 'RUN',1,0,0,1,0,,4.106554202735424,7.5172618962824345,227.789,200,1000,2026-09-25T18:33:45.449286+00:00
e1b,88,local,42,REVOKE,precondition_failed: line.state == 'RUN',1,0,0,1,0,,4.702080972492695,7.844114676117897,225.045,200,1000,2026-09-25T18:33:45.739659+00:00
e1b,89,local,42,REVOKE,precondition_failed: line.state == 'RUN',1,0,0,1,0,,4.716678056865931,7.722236216068268,225.158,200,1000,2026-09-25T18:33:46.026449+00:00
e1b,90,local,42,REVOKE,precondition_failed: line.state == 'RUN',1,0,0,1,0,,5.554589908570051,9.123393800109625,227.41,200,1000,2026-09-25T18:33:46.317717+00:00
e1b,91,local,42,REVOKE,precondition_failed: line.state == 'RUN',1,0,0,1,0,,5.1299831829965115,8.608908858150244,225.855,200,1000,2026-09-25T18:33:46.606062+00:00
e1b,92,local,42,REVOKE,precondition_failed: line.state == 'RUN',1,0,0,1,0,,4.150846973061562,7.1502430364489555,228.388,200,1000,2026-09-25T18:33:46.896912+00:00
e1b,93,local,42,REVOKE,precondition_failed: line.state == 'RUN',1,0,0,1,0,,3.9643668569624424,7.839785888791084,225.842,200,1000,2026-09-25T18:33:47.184622+00:00
e1b,94,local,42,REVOKE,precondition_failed: line.state == 'RUN',1,0,0,1,0,,4.332898184657097,7.338766939938068,224.232,200,1000,2026-09-25T18:33:47.471216+00:00
e1b,95,local,42,REVOKE,precondition_failed: line.state == 'RUN',1,0,0,1,0,,5.016630981117487,10.95045218244195,229.386,200,1000,2026-09-25T18:33:47.762408+00:00
e1b,96,local,42,REVOKE,precondition_failed: line.state == 'RUN',1,0,0,1,0,,4.4982777908444405,10.962765198200941,228.719,200,1000,2026-09-25T18:33:48.055452+00:00
e1b,97,local,42,REVOKE,precondition_failed: line.state == 'RUN',1,0,0,1,0,,5.012041889131069,8.394586853682995,224.928,200,1000,2026-09-25T18:33:48.343709+00:00
e1b,98,local,42,REVOKE,precondition_failed: line.state == 'RUN',1,0,0,1,0,,5.792776122689247,8.760162629187107,224.223,200,1000,2026-09-25T18:33:48.630996+00:00
e1b,99,local,42,REVOKE,precondition_failed: line.state == 'RUN',1,0,0,1,0,,6.16512494161725,10.045413859188557,229.664,200,1000,2026-09-25T18:33:48.926213+00:00
e1b,0,xair,42,REVOKE,precondition_failed: line.state == 'RUN',1,0,0,1,0,,0.08181296288967133,8.963054046034813,229.474,200,1000,2026-09-25T18:33:49.218547+00:00
e1b,1,xair,42,REVOKE,precondition_failed: line.state == 'RUN',1,0,0,1,0,,0.03912393003702164,8.742499630898237,224.698,200,1000,2026-09-25T18:33:49.504681+00:00
e1b,2,xair,42,REVOKE,precondition_failed: line.state == 'RUN',1,0,0,1,0,,0.02932501956820488,8.118308614939451,226.319,200,1000,2026-09-25T18:33:49.793516+00:00
e1b,3,xair,42,REVOKE,precondition_failed: line.state == 'RUN',1,0,0,1,0,,0.0452650710940361,9.707290213555098,226.648,200,1000,2026-09-25T18:33:50.081719+00:00
e1b,4,xair,42,REVOKE,precondition_failed: line.state == 'RUN',1,0,0,1,0,,0.03256089985370636,8.551542181521654,227.716,200,1000,2026-09-25T18:33:50.372923+00:00
e1b,5,xair,42,REVOKE,precondition_failed: line.state == 'RUN',1,0,0,1,0,,0.033502932637929916,10.688399896025658,229.844,200,1000,2026-09-25T18:33:50.667354+00:00
e1b,6,xair,42,REVOKE,precondition_failed: line.state == 'RUN',1,0,0,1,0,,0.041658058762550354,8.42272024601698,227.091,200,1000,2026-09-25T18:33:50.956592+00:00
e1b,7,xair,42,REVOKE,precondition_failed: line.state == 'RUN',1,0,0,1,0,,0.0380207784473896,8.652801159769297,228.123,200,1000,2026-09-25T18:33:51.247704+00:00
e1b,8,xair,42,REVOKE,precondition_failed: line.state == 'RUN',1,0,0,1,0,,0.031128060072660446,7.938892114907503,225.948,200,1000,2026-09-25T18:33:51.536729+00:00
e1b,9,xair,42,REVOKE,precondition_failed: line.state == 'RUN',1,0,0,1,0,,0.03956397995352745,10.294672101736069,228.326,200,1000,2026-09-25T18:33:51.827108+00:00
e1b,10,xair,42,REVOKE,precondition_failed: line.state == 'RUN',1,0,0,1,0,,0.03531621769070625,9.35898581519723,226.74,200,1000,2026-09-25T18:33:52.115973+00:00
e1b,11,xair,42,REVOKE,precondition_failed: line.state == 'RUN',1,0,0,1,0,,0.03302190452814102,9.709483943879604,227.571,200,1000,2026-09-25T18:33:52.405696+00:00
e1b,12,xair,42,REVOKE,precondition_failed: line.state == 'RUN',1,0,0,1,0,,1.1971057392656803,12.80041178688407,232.897,200,1000,2026-09-25T18:33:52.704748+00:00
e1b,13,xair,42,REVOKE,precondition_failed: line.state == 'RUN',1,0,0,1,0,,0.03256089985370636,7.9939658753573895,226.078,200,1000,2026-09-25T18:33:52.993199+00:00
e1b,14,xair,42,REVOKE,precondition_failed: line.state == 'RUN',1,0,0,1,0,,0.031869858503341675,8.353921119123697,225.584,200,1000,2026-09-25T18:33:53.280394+00:00
e1b,15,xair,42,REVOKE,precondition_failed: line.state == 'RUN',1,0,0,1,0,,0.029735732823610306,7.799081038683653,224.952,200,1000,2026-09-25T18:33:53.567737+00:00
e1b,16,xair,42,REVOKE,precondition_failed: line.state == 'RUN',1,0,0,1,0,,0.030117109417915344,7.773923221975565,224.73,200,1000,2026-09-25T18:33:53.853512+00:00
e1b,17,xair,42,REVOKE,precondition_failed: line.state == 'RUN',1,0,0,1,0,,0.03980519250035286,9.618112817406654,227.706,200,1000,2026-09-25T18:33:54.142714+00:00
e1b,18,xair,42,REVOKE,precondition_failed: line.state == 'RUN',1,0,0,1,0,,0.029935967177152634,7.604716345667839,223.702,200,1000,2026-09-25T18:33:54.429054+00:00
e1b,19,xair,42,REVOKE,precondition_failed: line.state == 'RUN',1,0,0,1,0,,0.0317390076816082,7.975962944328785,225.145,200,1000,2026-09-25T18:33:54.717223+00:00
e1b,20,xair,42,REVOKE,precondition_failed: line.state == 'RUN',1,0,0,1,0,,0.032300129532814026,7.786627393215895,224.017,200,1000,2026-09-25T18:33:55.004611+00:00
e1b,21,xair,42,REVOKE,precondition_failed: line.state == 'RUN',1,0,0,1,0,,0.03221025690436363,8.007882162928581,228.863,200,1000,2026-09-25T18:33:55.295858+00:00
e1b,22,xair,42,REVOKE,precondition_failed: line.state == 'RUN',1,0,0,1,0,,0.04266994073987007,8.809476159512997,226.179,200,1000,2026-09-25T18:33:55.585979+00:00
e1b,23,xair,42,REVOKE,precondition_failed: line.state == 'RUN',1,0,0,1,0,,0.03226008266210556,8.76908004283905,227.989,200,1000,2026-09-25T18:33:55.876635+00:00
e1b,24,xair,42,REVOKE,precondition_failed: line.state == 'RUN',1,0,0,1,0,,0.03136880695819855,8.512848988175392,229.976,200,1000,2026-09-25T18:33:56.169279+00:00
e1b,25,xair,42,REVOKE,precondition_failed: line.state == 'RUN',1,0,0,1,0,,0.0388631597161293,7.964740972965956,224.121,200,1000,2026-09-25T18:33:56.455080+00:00
e1b,26,xair,42,REVOKE,precondition_failed: line.state == 'RUN',1,0,0,1,0,,0.03280211240053177,11.556298937648535,232.93,200,1000,2026-09-25T18:33:56.750065+00:00
e1b,27,xair,42,REVOKE,precondition_failed: line.state == 'RUN',1,0,0,1,0,,0.03041699528694153,8.16005701199174,225.211,200,1000,2026-09-25T18:33:57.037399+00:00
e1b,28,xair,42,REVOKE,precondition_failed: line.state == 'RUN',1,0,0,1,0,,0.04632677882909775,8.376313373446465,226.723,200,1000,2026-09-25T18:33:57.325702+00:00
e1b,29,xair,42,REVOKE,precondition_failed: line.state == 'RUN',1,0,0,1,0,,0.050063710659742355,8.984714280813932,227.578,200,1000,2026-09-25T18:33:57.615892+00:00
e1b,30,xair,42,REVOKE,precondition_failed: line.state == 'RUN',1,0,0,1,0,,0.034845899790525436,7.664266973733902,225.846,200,1000,2026-09-25T18:33:57.906754+00:00
e1b,31,xair,42,REVOKE,precondition_failed: line.state == 'RUN',1,0,0,1,0,,0.03719981759786606,8.181067183613777,226.396,200,1000,2026-09-25T18:33:58.194960+00:00
e1b,32,xair,42,REVOKE,precondition_failed: line.state == 'RUN',1,0,0,1,0,,0.04008505493402481,7.8020356595516205,225.618,200,1000,2026-09-25T18:33:58.482381+00:00
e1b,33,xair,42,REVOKE,precondition_failed: line.state == 'RUN',1,0,0,1,0,,0.029676128178834915,8.619839791208506,225.193,200,1000,2026-09-25T18:33:58.771179+00:00
e1b,34,xair,42,REVOKE,precondition_failed: line.state == 'RUN',1,0,0,1,0,,0.03048684448003769,7.307007443159819,223.879,200,1000,2026-09-25T18:33:59.057062+00:00
e1b,35,xair,42,REVOKE,precondition_failed: line.state == 'RUN',1,0,0,1,0,,0.02990616485476494,8.254304062575102,224.94,200,1000,2026-09-25T18:33:59.343643+00:00
e1b,36,xair,42,REVOKE,precondition_failed: line.state == 'RUN',1,0,0,1,0,,0.04613632336258888,9.003620129078627,227.985,200,1000,2026-09-25T18:33:59.633641+00:00
e1b,37,xair,42,REVOKE,precondition_failed: line.state == 'RUN',1,0,0,1,0,,0.03176974132657051,8.795288857072592,228.03,200,1000,2026-09-25T18:33:59.926242+00:00
e1b,38,xair,42,REVOKE,precondition_failed: line.state == 'RUN',1,0,0,1,0,,0.032860785722732544,8.538105990737677,226.588,200,1000,2026-09-25T18:34:00.215427+00:00
e1b,39,xair,42,REVOKE,precondition_failed: line.state == 'RUN',1,0,0,1,0,,0.03165937960147858,8.230229839682579,224.724,200,1000,2026-09-25T18:34:00.502389+00:00
e1b,40,xair,42,REVOKE,precondition_failed: line.state == 'RUN',1,0,0,1,0,,0.03152014687657356,8.948036003857851,226.396,200,1000,2026-09-25T18:34:00.791484+00:00
e1b,41,xair,42,REVOKE,precondition_failed: line.state == 'RUN',1,0,0,1,0,,0.05416199564933777,9.691480081528425,227.195,200,1000,2026-09-25T18:34:01.080869+00:00
e1b,42,xair,42,REVOKE,precondition_failed: line.state == 'RUN',1,0,0,1,0,,0.030498020350933075,8.331438060849905,226.461,200,1000,2026-09-25T18:34:01.370166+00:00
e1b,43,xair,42,REVOKE,precondition_failed: line.state == 'RUN',1,0,0,1,0,,0.03005610778927803,7.36191077157855,223.23,200,1000,2026-09-25T18:34:01.656295+00:00
e1b,44,xair,42,REVOKE,precondition_failed: line.state == 'RUN',1,0,0,1,0,,0.030637718737125397,7.2997938841581345,223.113,200,1000,2026-09-25T18:34:01.941203+00:00
e1b,45,xair,42,REVOKE,precondition_failed: line.state == 'RUN',1,0,0,1,0,,0.03010733053088188,7.905048783868551,226.267,200,1000,2026-09-25T18:34:02.228577+00:00
e1b,46,xair,42,REVOKE,precondition_failed: line.state == 'RUN',1,0,0,1,0,,0.035906676203012466,8.541242219507694,225.396,200,1000,2026-09-25T18:34:02.517750+00:00
e1b,47,xair,42,REVOKE,precondition_failed: line.state == 'RUN',1,0,0,1,0,,0.042368657886981964,9.917514864355326,229.119,200,1000,2026-09-25T18:34:02.808279+00:00
e1b,48,xair,42,REVOKE,precondition_failed: line.state == 'RUN',1,0,0,1,0,,0.031327828764915466,9.162167087197304,227.201,200,1000,2026-09-25T18:34:03.102232+00:00
e1b,49,xair,42,REVOKE,precondition_failed: line.state == 'RUN',1,0,0,1,0,,0.030606985092163086,8.723864797502756,225.107,200,1000,2026-09-25T18:34:03.394575+00:00
e1b,50,xair,42,REVOKE,precondition_failed: line.state == 'RUN',1,0,0,1,0,,0.038271769881248474,8.09517502784729,226.945,200,1000,2026-09-25T18:34:03.683485+00:00
e1b,51,xair,42,REVOKE,precondition_failed: line.state == 'RUN',1,0,0,1,0,,0.02957601100206375,7.829757872968912,224.111,200,1000,2026-09-25T18:34:03.974326+00:00
e1b,52,xair,42,REVOKE,precondition_failed: line.state == 'RUN',1,0,0,1,0,,0.03232993185520172,8.84765712544322,228.429,200,1000,2026-09-25T18:34:04.264514+00:00
e1b,53,xair,42,REVOKE,precondition_failed: line.state == 'RUN',1,0,0,1,0,,0.03109872341156006,11.554856318980455,231.01,200,1000,2026-09-25T18:34:04.558726+00:00
e1b,54,xair,42,REVOKE,precondition_failed: line.state == 'RUN',1,0,0,1,0,,0.031800009310245514,7.930275984108448,225.678,200,1000,2026-09-25T18:34:04.849448+00:00
e1b,55,xair,42,REVOKE,precondition_failed: line.state == 'RUN',1,0,0,1,0,,0.03086775541305542,7.648797705769539,224.817,200,1000,2026-09-25T18:34:05.136550+00:00
e1b,56,xair,42,REVOKE,precondition_failed: line.state == 'RUN',1,0,0,1,0,,0.0296151265501976,7.773492019623518,224.921,200,1000,2026-09-25T18:34:05.422902+00:00
e1b,57,xair,42,REVOKE,precondition_failed: line.state == 'RUN',1,0,0,1,0,,0.03337301313877106,7.764104288071394,226.274,200,1000,2026-09-25T18:34:05.710956+00:00
e1b,58,xair,42,REVOKE,precondition_failed: line.state == 'RUN',1,0,0,1,0,,0.032079871743917465,8.569646161049604,226.026,200,1000,2026-09-25T18:34:05.999368+00:00
e1b,59,xair,42,REVOKE,precondition_failed: line.state == 'RUN',1,0,0,1,0,,0.032090116292238235,8.339663967490196,225.17,200,1000,2026-09-25T18:34:06.287186+00:00
e1b,60,xair,42,REVOKE,precondition_failed: line.state == 'RUN',1,0,0,1,0,,0.029004178941249847,8.105103857815266,225.388,200,1000,2026-09-25T18:34:06.574602+00:00
e1b,61,xair,42,REVOKE,precondition_failed: line.state == 'RUN',1,0,0,1,0,,0.029084738343954086,7.746100891381502,224.523,200,1000,2026-09-25T18:34:06.861339+00:00
e1b,62,xair,42,REVOKE,precondition_failed: line.state == 'RUN',1,0,0,1,0,,0.03005610778927803,8.381794206798077,226.006,200,1000,2026-09-25T18:34:07.149155+00:00
e1b,63,xair,42,REVOKE,precondition_failed: line.state == 'RUN',1,0,0,1,0,,0.029544811695814133,8.470820263028145,225.219,200,1000,2026-09-25T18:34:07.436670+00:00
e1b,64,xair,42,REVOKE,precondition_failed: line.state == 'RUN',1,0,0,1,0,,0.04922226071357727,8.785711135715246,227.634,200,1000,2026-09-25T18:34:07.726476+00:00
e1b,65,xair,42,REVOKE,precondition_failed: line.state == 'RUN',1,0,0,1,0,,0.04326086491346359,8.559477049857378,231.529,200,1000,2026-09-25T18:34:08.022714+00:00
e1b,66,xair,42,REVOKE,precondition_failed: line.state == 'RUN',1,0,0,1,0,,0.03132876008749008,9.176714811474085,227.506,200,1000,2026-09-25T18:34:08.315893+00:00
e1b,67,xair,42,REVOKE,precondition_failed: line.state == 'RUN',1,0,0,1,0,,0.0350060872733593,8.080809377133846,226.918,200,1000,2026-09-25T18:34:08.605922+00:00
e1b,68,xair,42,REVOKE,precondition_failed: line.state == 'RUN',1,0,0,1,0,,0.030206982046365738,7.015530951321125,224.402,200,1000,2026-09-25T18:34:08.892397+00:00
e1b,69,xair,42,REVOKE,precondition_failed: line.state == 'RUN',1,0,0,1,0,,0.03484496846795082,7.86866107955575,224.887,200,1000,2026-09-25T18:34:09.179853+00:00
e1b,70,xair,42,REVOKE,precondition_failed: line.state == 'RUN',1,0,0,1,0,,0.0321301631629467,8.130381815135479,225.91,200,1000,2026-09-25T18:34:09.468713+00:00
e1b,71,xair,42,REVOKE,precondition_failed: line.state == 'RUN',1,0,0,1,0,,0.03358302637934685,9.00646485388279,227.205,200,1000,2026-09-25T18:34:09.760170+00:00
e1b,72,xair,42,REVOKE,precondition_failed: line.state == 'RUN',1,0,0,1,0,,0.03373296931385994,9.292400907725096,227.451,200,1000,2026-09-25T18:34:10.050213+00:00
e1b,73,xair,42,REVOKE,precondition_failed: line.state == 'RUN',1,0,0,1,0,,0.044123269617557526,8.984122890979052,228.651,200,1000,2026-09-25T18:34:10.341109+00:00
e1b,74,xair,42,REVOKE,precondition_failed: line.state == 'RUN',1,0,0,1,0,,0.030197203159332275,8.977720979601145,228.564,200,1000,2026-09-25T18:34:10.633299+00:00
e1b,75,xair,42,REVOKE,precondition_failed: line.state == 'RUN',1,0,0,1,0,,0.03720913082361221,9.237377904355526,229.162,200,1000,2026-09-25T18:34:10.924993+00:00
e1b,76,xair,42,REVOKE,precondition_failed: line.state == 'RUN',1,0,0,1,0,,0.04343083128333092,9.314261842519045,229.535,200,1000,2026-09-25T18:34:11.217546+00:00
e1b,77,xair,42,REVOKE,precondition_failed: line.state == 'RUN',1,0,0,1,0,,0.03216974437236786,8.910935837775469,227.384,200,1000,2026-09-25T18:34:11.508955+00:00
e1b,78,xair,42,REVOKE,precondition_failed: line.state == 'RUN',1,0,0,1,0,,0.03382377326488495,8.053588215261698,225.232,200,1000,2026-09-25T18:34:11.796457+00:00
e1b,79,xair,42,REVOKE,precondition_failed: line.state == 'RUN',1,0,0,1,0,,0.030457042157649994,8.315970189869404,224.067,200,1000,2026-09-25T18:34:12.084377+00:00
e1b,80,xair,42,REVOKE,precondition_failed: line.state == 'RUN',1,0,0,1,0,,0.03074808046221733,7.170490920543671,223.777,200,1000,2026-09-25T18:34:12.370888+00:00
e1b,81,xair,42,REVOKE,precondition_failed: line.state == 'RUN',1,0,0,1,0,,0.02953503280878067,8.098601829260588,224.265,200,1000,2026-09-25T18:34:12.656045+00:00
e1b,82,xair,42,REVOKE,precondition_failed: line.state == 'RUN',1,0,0,1,0,,0.03256089985370636,9.37819154933095,226.187,200,1000,2026-09-25T18:34:12.943530+00:00
e1b,83,xair,42,REVOKE,precondition_failed: line.state == 'RUN',1,0,0,1,0,,0.031118281185626984,8.225058671087027,226.193,200,1000,2026-09-25T18:34:13.233211+00:00
e1b,84,xair,42,REVOKE,precondition_failed: line.state == 'RUN',1,0,0,1,0,,0.03317231312394142,9.023506660014391,226.821,200,1000,2026-09-25T18:34:13.522600+00:00
e1b,85,xair,42,REVOKE,precondition_failed: line.state == 'RUN',1,0,0,1,0,,0.03195973113179207,8.951731957495213,230.412,200,1000,2026-09-25T18:34:13.815328+00:00
e1b,86,xair,42,REVOKE,precondition_failed: line.state == 'RUN',1,0,0,1,0,,0.03056693822145462,8.390699978917837,226.499,200,1000,2026-09-25T18:34:14.103968+00:00
e1b,87,xair,42,REVOKE,precondition_failed: line.state == 'RUN',1,0,0,1,0,,0.040635932236909866,10.538639035075903,228.208,200,1000,2026-09-25T18:34:14.395337+00:00
e1b,88,xair,42,REVOKE,precondition_failed: line.state == 'RUN',1,0,0,1,0,,0.03264099359512329,7.787539158016443,225.468,200,1000,2026-09-25T18:34:14.683405+00:00
e1b,89,xair,42,REVOKE,precondition_failed: line.state == 'RUN',1,0,0,1,0,,0.03749970346689224,8.191366214305162,223.905,200,1000,2026-09-25T18:34:14.968582+00:00
e1b,90,xair,42,REVOKE,precondition_failed: line.state == 'RUN',1,0,0,1,0,,0.030558090656995773,8.175116032361984,224.845,200,1000,2026-09-25T18:34:15.256374+00:00
e1b,91,xair,42,REVOKE,precondition_failed: line.state == 'RUN',1,0,0,1,0,,0.0316789373755455,8.660195395350456,226.662,200,1000,2026-09-25T18:34:15.545535+00:00
e1b,92,xair,42,REVOKE,precondition_failed: line.state == 'RUN',1,0,0,1,0,,0.03325287252664566,8.261216804385185,227.505,200,1000,2026-09-25T18:34:15.834347+00:00
e1b,93,xair,42,REVOKE,precondition_failed: line.state == 'RUN',1,0,0,1,0,,0.033503398299217224,7.731173187494278,226.785,200,1000,2026-09-25T18:34:16.125299+00:00
e1b,94,xair,42,REVOKE,precondition_failed: line.state == 'RUN',1,0,0,1,0,,0.031709205359220505,8.49100761115551,226.115,200,1000,2026-09-25T18:34:16.414384+00:00
e1b,95,xair,42,REVOKE,precondition_failed: line.state == 'RUN',1,0,0,1,0,,0.03196997568011284,7.6397317461669445,224.317,200,1000,2026-09-25T18:34:16.702256+00:00
e1b,96,xair,42,REVOKE,precondition_failed: line.state == 'RUN',1,0,0,1,0,,0.037970952689647675,8.012530859559774,223.832,200,1000,2026-09-25T18:34:16.989283+00:00
e1b,97,xair,42,REVOKE,precondition_failed: line.state == 'RUN',1,0,0,1,0,,0.03171013668179512,8.938728366047144,231.136,200,1000,2026-09-25T18:34:17.282850+00:00
e1b,98,xair,42,REVOKE,precondition_failed: line.state == 'RUN',1,0,0,1,0,,0.03095809370279312,7.407324854284525,225.028,200,1000,2026-09-25T18:34:17.570970+00:00
e1b,99,xair,42,REVOKE,precondition_failed: line.state == 'RUN',1,0,0,1,0,,0.03320164978504181,8.125192020088434,227.146,200,1000,2026-09-25T18:34:17.859169+00:00
