run,baseline,valid_intent,outcome,reason,gateway_released,wrongful_revoke,e2e_latency_ms
0,local,1,EXECUTE,local_guard_passed,1,0,8.326379116624594
1,local,1,EXECUTE,local_guard_passed,1,0,8.108690846711397
2,local,1,EXECUTE,local_guard_passed,1,0,8.016098290681839
3,local,1,EXECUTE,local_guard_passed,1,0,13.653772883117199
4,local,1,EXECUTE,local_guard_passed,1,0,9.576044045388699
5,local,1,EXECUTE,local_guard_passed,1,0,8.713736198842525
6,local,1,EXECUTE,local_guard_passed,1,0,9.054436348378658
7,local,1,EXECUTE,local_guard_passed,1,0,9.041441138833761
8,local,1,EXECUTE,local_guard_passed,1,0,7.4644917622208595
9,local,1,EXECUTE,local_guard_passed,1,0,8.309136610478163
10,local,1,EXECUTE,local_guard_passed,1,0,7.7859461307525635
11,local,1,EXECUTE,local_guard_passed,1,0,8.167542051523924
12,local,1,EXECUTE,local_guard_passed,1,0,9.85597912222147
13,local,1,EXECUTE,local_guard_passed,1,0,9.031821973621845
14,local,1,EXECUTE,local_guard_passed,1,0,7.720332592725754
15,local,1,EXECUTE,local_guard_passed,1,0,8.104282896965742
16,local,1,EXECUTE,local_guard_passed,1,0,7.5987852178514
17,local,1,EXECUTE,local_guard_passed,1,0,9.059233590960503
18,local,1,EXECUTE,local_guard_passed,1,0,8.151491172611713
19,local,1,EXECUTE,local_guard_passed,1,0,8.535070810467005
20,local,1,EXECUTE,local_guard_passed,1,0,10.581288952380419
21,local,1,EXECUTE,local_guard_passed,1,0,8.544337935745716
22,local,1,EXECUTE,local_guard_passed,1,0,8.81812209263444
23,local,1,EXECUTE,local_guard_passed,1,0,8.163894060999155
24,local,1,EXECUTE,local_guard_passed,1,0,7.874330971390009
25,local,1,EXECUTE,local_guard_passed,1,0,9.108916856348515
26,local,1,EXECUTE,local_guard_passed,1,0,8.768959902226925
27,local,1,EXECUTE,local_guard_passed,1,0,9.107926394790411
28,local,1,EXECUTE,local_guard_passed,1,0,19.808428827673197
29,local,1,EXECUTE,local_guard_passed,1,0,11.54487719759345
30,local,1,EXECUTE,local_guard_passed,1,0,12.645029928535223
31,local,1,EXECUTE,local_guard_passed,1,0,8.729666005820036
32,local,1,EXECUTE,local_guard_passed,1,0,8.343671914190054
33,local,1,EXECUTE,local_guard_passed,1,0,7.554903160780668
34,local,1,EXECUTE,local_guard_passed,1,0,7.558187935501337
35,local,1,EXECUTE,local_guard_passed,1,0,7.5250961817801
36,local,1,EXECUTE,local_guard_passed,1,0,8.557694032788277
37,local,1,EXECUTE,local_guard_passed,1,0,9.069051593542099
38,local,1,EXECUTE,local_guard_passed,1,0,8.561561349779367
39,local,1,EXECUTE,local_guard_passed,1,0,8.524942211806774
40,local,1,EXECUTE,local_guard_passed,1,0,8.455941919237375
41,local,1,EXECUTE,local_guard_passed,1,0,8.782203774899244
42,local,1,EXECUTE,local_guard_passed,1,0,9.004762396216393
43,local,1,EXECUTE,local_guard_passed,1,0,9.821714833378792
44,local,1,EXECUTE,local_guard_passed,1,0,8.833590894937515
45,local,1,EXECUTE,local_guard_passed,1,0,9.177455678582191
46,local,1,EXECUTE,local_guard_passed,1,0,9.582135360687971
47,local,1,EXECUTE,local_guard_passed,1,0,7.590488996356726
48,local,1,EXECUTE,local_guard_passed,1,0,7.780033629387617
49,local,1,EXECUTE,local_guard_passed,1,0,7.875604089349508
50,local,1,EXECUTE,local_guard_passed,1,0,7.734439335763454
51,local,1,EXECUTE,local_guard_passed,1,0,8.500406052917242
52,local,1,EXECUTE,local_guard_passed,1,0,8.033349178731441
53,local,1,EXECUTE,local_guard_passed,1,0,7.693181745707989
54,local,1,EXECUTE,local_guard_passed,1,0,7.482566870748997
55,local,1,EXECUTE,local_guard_passed,1,0,8.05191369727254
56,local,1,EXECUTE,local_guard_passed,1,0,8.017850574105978
57,local,1,EXECUTE,local_guard_passed,1,0,7.258816622197628
58,local,1,EXECUTE,local_guard_passed,1,0,7.2621232829988
59,local,1,EXECUTE,local_guard_passed,1,0,7.028424181044102
60,local,1,EXECUTE,local_guard_passed,1,0,8.084515109658241
61,local,1,EXECUTE,local_guard_passed,1,0,7.217950187623501
62,local,1,EXECUTE,local_guard_passed,1,0,7.977284956723452
63,local,1,EXECUTE,local_guard_passed,1,0,7.950915955007076
64,local,1,EXECUTE,local_guard_passed,1,0,8.781152311712503
65,local,1,EXECUTE,local_guard_passed,1,0,7.627509068697691
66,local,1,EXECUTE,local_guard_passed,1,0,8.063775952905416
67,local,1,EXECUTE,local_guard_passed,1,0,7.515758741647005
68,local,1,EXECUTE,local_guard_passed,1,0,7.774053141474724
69,local,1,EXECUTE,local_guard_passed,1,0,7.382147945463657
70,local,1,EXECUTE,local_guard_passed,1,0,8.396700955927372
71,local,1,EXECUTE,local_guard_passed,1,0,7.601038087159395
72,local,1,EXECUTE,local_guard_passed,1,0,7.70154781639576
73,local,1,EXECUTE,local_guard_passed,1,0,8.422869723290205
74,local,1,EXECUTE,local_guard_passed,1,0,8.545429911464453
75,local,1,EXECUTE,local_guard_passed,1,0,7.731442805379629
76,local,1,EXECUTE,local_guard_passed,1,0,7.560553029179573
77,local,1,EXECUTE,local_guard_passed,1,0,8.096948266029358
78,local,1,EXECUTE,local_guard_passed,1,0,8.624098263680935
79,local,1,EXECUTE,local_guard_passed,1,0,9.00035398080945
80,local,1,EXECUTE,local_guard_passed,1,0,7.760107051581144
81,local,1,EXECUTE,local_guard_passed,1,0,8.335165679454803
82,local,1,EXECUTE,local_guard_passed,1,0,10.229329112917185
83,local,1,EXECUTE,local_guard_passed,1,0,9.472348727285862
84,local,1,EXECUTE,local_guard_passed,1,0,9.911152999848127
85,local,1,EXECUTE,local_guard_passed,1,0,10.334046091884375
86,local,1,EXECUTE,local_guard_passed,1,0,8.147542830556631
87,local,1,EXECUTE,local_guard_passed,1,0,9.104248136281967
88,local,1,EXECUTE,local_guard_passed,1,0,9.386979043483734
89,local,1,EXECUTE,local_guard_passed,1,0,8.375230710953474
90,local,1,EXECUTE,local_guard_passed,1,0,7.6287006959319115
91,local,1,EXECUTE,local_guard_passed,1,0,7.43204215541482
92,local,1,EXECUTE,local_guard_passed,1,0,7.585398852825165
93,local,1,EXECUTE,local_guard_passed,1,0,7.649750914424658
94,local,1,EXECUTE,local_guard_passed,1,0,9.010452777147293
95,local,1,EXECUTE,local_guard_passed,1,0,7.011563051491976
96,local,1,EXECUTE,local_guard_passed,1,0,8.026427123695612
97,local,1,EXECUTE,local_guard_passed,1,0,7.869322318583727
98,local,1,EXECUTE,local_guard_passed,1,0,9.347544983029366
99,local,1,EXECUTE,local_guard_passed,1,0,7.587042171508074
0,xair,1,EXECUTE,published_after_gate_recheck,1,0,18.007850740104914
1,xair,1,EXECUTE,published_after_gate_recheck,1,0,19.19505838304758
2,xair,1,EXECUTE,published_after_gate_recheck,1,0,18.41777889057994
3,xair,1,EXECUTE,published_after_gate_recheck,1,0,17.236783634871244
4,xair,1,EXECUTE,published_after_gate_recheck,1,0,18.51055398583412
5,xair,1,EXECUTE,published_after_gate_recheck,1,0,16.825683414936066
6,xair,1,EXECUTE,published_after_gate_recheck,1,0,15.228766947984695
7,xair,1,EXECUTE,published_after_gate_recheck,1,0,15.67607605829835
8,xair,1,EXECUTE,published_after_gate_recheck,1,0,16.430141404271126
9,xair,1,EXECUTE,published_after_gate_recheck,1,0,16.42815675586462
10,xair,1,EXECUTE,published_after_gate_recheck,1,0,15.817020554095507
11,xair,1,EXECUTE,published_after_gate_recheck,1,0,16.439117956906557
12,xair,1,EXECUTE,published_after_gate_recheck,1,0,17.295074183493853
13,xair,1,EXECUTE,published_after_gate_recheck,1,0,17.39321695640683
14,xair,1,EXECUTE,published_after_gate_recheck,1,0,16.40234887599945
15,xair,1,EXECUTE,published_after_gate_recheck,1,0,17.448640894144773
16,xair,1,EXECUTE,published_after_gate_recheck,1,0,16.865427140146494
17,xair,1,EXECUTE,published_after_gate_recheck,1,0,14.662004075944424
18,xair,1,EXECUTE,published_after_gate_recheck,1,0,16.53802301734686
19,xair,1,EXECUTE,published_after_gate_recheck,1,0,16.159854363650084
20,xair,1,EXECUTE,published_after_gate_recheck,1,0,15.158956870436668
21,xair,1,EXECUTE,published_after_gate_recheck,1,0,17.373861744999886
22,xair,1,EXECUTE,published_after_gate_recheck,1,0,17.757731024175882
23,xair,1,EXECUTE,published_after_gate_recheck,1,0,15.894685871899128
24,xair,1,EXECUTE,published_after_gate_recheck,1,0,15.781505033373833
25,xair,1,EXECUTE,published_after_gate_recheck,1,0,16.115461010485888
26,xair,1,EXECUTE,published_after_gate_recheck,1,0,18.154466059058905
27,xair,1,EXECUTE,published_after_gate_recheck,1,0,16.463063191622496
28,xair,1,EXECUTE,published_after_gate_recheck,1,0,16.06204127892852
29,xair,1,EXECUTE,published_after_gate_recheck,1,0,14.478168915957212
30,xair,1,EXECUTE,published_after_gate_recheck,1,0,18.453306052833796
31,xair,1,EXECUTE,published_after_gate_recheck,1,0,15.651830937713385
32,xair,1,EXECUTE,published_after_gate_recheck,1,0,15.985026024281979
33,xair,1,EXECUTE,published_after_gate_recheck,1,0,15.952474903315306
34,xair,1,EXECUTE,published_after_gate_recheck,1,0,16.357384622097015
35,xair,1,EXECUTE,published_after_gate_recheck,1,0,15.269353985786438
36,xair,1,EXECUTE,published_after_gate_recheck,1,0,16.819491982460022
37,xair,1,EXECUTE,published_after_gate_recheck,1,0,15.522648114711046
38,xair,1,EXECUTE,published_after_gate_recheck,1,0,15.022920910269022
39,xair,1,EXECUTE,published_after_gate_recheck,1,0,15.33939503133297
40,xair,1,EXECUTE,published_after_gate_recheck,1,0,15.507800970226526
41,xair,1,EXECUTE,published_after_gate_recheck,1,0,18.13907688483596
42,xair,1,EXECUTE,published_after_gate_recheck,1,0,16.528957057744265
43,xair,1,EXECUTE,published_after_gate_recheck,1,0,15.434743836522102
44,xair,1,EXECUTE,published_after_gate_recheck,1,0,15.042387880384922
45,xair,1,EXECUTE,published_after_gate_recheck,1,0,15.539401210844517
46,xair,1,EXECUTE,published_after_gate_recheck,1,0,15.397725161164999
47,xair,1,EXECUTE,published_after_gate_recheck,1,0,15.862646978348494
48,xair,1,EXECUTE,published_after_gate_recheck,1,0,16.78806310519576
49,xair,1,EXECUTE,published_after_gate_recheck,1,0,20.376455038785934
50,xair,1,EXECUTE,published_after_gate_recheck,1,0,16.776650678366423
51,xair,1,EXECUTE,published_after_gate_recheck,1,0,14.888268895447254
52,xair,1,EXECUTE,published_after_gate_recheck,1,0,15.197058208286762
53,xair,1,EXECUTE,published_after_gate_recheck,1,0,15.657000709325075
54,xair,1,EXECUTE,published_after_gate_recheck,1,0,15.725799836218357
55,xair,1,EXECUTE,published_after_gate_recheck,1,0,16.40011416748166
56,xair,1,EXECUTE,published_after_gate_recheck,1,0,17.11552683264017
57,xair,1,EXECUTE,published_after_gate_recheck,1,0,16.869484912604094
58,xair,1,EXECUTE,published_after_gate_recheck,1,0,16.582046169787645
59,xair,1,EXECUTE,published_after_gate_recheck,1,0,14.174971263855696
60,xair,1,EXECUTE,published_after_gate_recheck,1,0,15.516618266701698
61,xair,1,EXECUTE,published_after_gate_recheck,1,0,14.637237880378962
62,xair,1,EXECUTE,published_after_gate_recheck,1,0,16.180903650820255
63,xair,1,EXECUTE,published_after_gate_recheck,1,0,15.3507967479527
64,xair,1,EXECUTE,published_after_gate_recheck,1,0,15.120754949748516
65,xair,1,EXECUTE,published_after_gate_recheck,1,0,15.730598010122776
66,xair,1,EXECUTE,published_after_gate_recheck,1,0,16.173359006643295
67,xair,1,EXECUTE,published_after_gate_recheck,1,0,15.0306960567832
68,xair,1,EXECUTE,published_after_gate_recheck,1,0,14.934584964066744
69,xair,1,EXECUTE,published_after_gate_recheck,1,0,17.537839245051146
70,xair,1,EXECUTE,published_after_gate_recheck,1,0,15.598110854625702
71,xair,1,EXECUTE,published_after_gate_recheck,1,0,15.792794991284609
72,xair,1,EXECUTE,published_after_gate_recheck,1,0,14.748176094144583
73,xair,1,EXECUTE,published_after_gate_recheck,1,0,15.217836946249008
74,xair,1,EXECUTE,published_after_gate_recheck,1,0,16.449857968837023
75,xair,1,EXECUTE,published_after_gate_recheck,1,0,16.152699943631887
76,xair,1,EXECUTE,published_after_gate_recheck,1,0,19.05506569892168
77,xair,1,EXECUTE,published_after_gate_recheck,1,0,16.892448998987675
78,xair,1,EXECUTE,published_after_gate_recheck,1,0,16.562739852815866
79,xair,1,EXECUTE,published_after_gate_recheck,1,0,16.601823270320892
80,xair,1,EXECUTE,published_after_gate_recheck,1,0,15.585577115416527
81,xair,1,EXECUTE,published_after_gate_recheck,1,0,14.789693988859653
82,xair,1,EXECUTE,published_after_gate_recheck,1,0,14.195659197866917
83,xair,1,EXECUTE,published_after_gate_recheck,1,0,14.137200079858303
84,xair,1,EXECUTE,published_after_gate_recheck,1,0,14.701047912240028
85,xair,1,EXECUTE,published_after_gate_recheck,1,0,17.083236947655678
86,xair,1,EXECUTE,published_after_gate_recheck,1,0,17.258255276829004
87,xair,1,EXECUTE,published_after_gate_recheck,1,0,15.343011822551489
88,xair,1,EXECUTE,published_after_gate_recheck,1,0,15.883085317909718
89,xair,1,EXECUTE,published_after_gate_recheck,1,0,15.359202865511179
90,xair,1,EXECUTE,published_after_gate_recheck,1,0,14.845279045403004
91,xair,1,EXECUTE,published_after_gate_recheck,1,0,15.394348185509443
92,xair,1,EXECUTE,published_after_gate_recheck,1,0,14.880214352160692
93,xair,1,EXECUTE,published_after_gate_recheck,1,0,15.089395921677351
94,xair,1,EXECUTE,published_after_gate_recheck,1,0,16.087126918137074
95,xair,1,EXECUTE,published_after_gate_recheck,1,0,16.86693076044321
96,xair,1,EXECUTE,published_after_gate_recheck,1,0,14.925808645784855
97,xair,1,EXECUTE,published_after_gate_recheck,1,0,17.57857482880354
98,xair,1,EXECUTE,published_after_gate_recheck,1,0,17.340930178761482
99,xair,1,EXECUTE,published_after_gate_recheck,1,0,20.708967931568623
