run,inject,inject_offset_ms,publish_delay_ms,injection_window,gateway_released,gate_blocked,stale_publish,potential_stale_publish,post_release_invalidation,outcome,reason,validation_to_gate_ms,validation_to_publish_ms,recheck_to_publish_ms,t_validate_end_ms,t_injection_start_ms,t_injection_end_ms,t_recheck_start_ms,t_recheck_end_ms,t_publish_end_ms
0,1,0,50.0,before_recheck,0,1,0,0,0,REVOKE,context_version_changed_at_publish,56.781889172270894,,,5.558342905715108,5.78249292448163,8.121134946122766,59.653999051079154,62.340232077986,
1,1,0,50.0,before_recheck,0,1,0,0,0,REVOKE,context_version_changed_at_publish,54.23764185979962,,,6.918271072208881,7.2249858640134335,11.285722954198718,57.94316390529275,61.155912932008505,
2,1,0,50.0,before_recheck,0,1,0,0,0,REVOKE,context_version_changed_at_publish,54.11704606376588,,,3.059521783143282,3.3855829387903214,7.526520872488618,54.48458483442664,57.176567846909165,
3,0,,50.0,control,1,0,0,0,0,EXECUTE,published_after_gate_recheck,59.18115400709212,59.19488985091448,0.013735843822360039,6.842218106612563,,,57.37665295600891,66.02337211370468,66.03710795752704
4,1,0,50.0,before_recheck,0,1,0,0,0,REVOKE,context_version_changed_at_publish,55.46433990821242,,,6.955170072615147,7.201672066003084,9.663814911618829,58.035186026245356,62.41950998082757,
5,1,0,50.0,before_recheck,0,1,0,0,0,REVOKE,context_version_changed_at_publish,60.19107601605356,,,5.718684056773782,6.91126799210906,13.523526024073362,58.23755613528192,65.90976007282734,
6,0,,50.0,control,1,0,0,0,0,EXECUTE,published_after_gate_recheck,52.760975202545524,52.77181509882212,0.010839896276593208,3.047108883038163,,,53.19092096760869,55.80808408558369,55.81892398186028
7,1,0,50.0,before_recheck,0,1,0,0,0,REVOKE,context_version_changed_at_publish,55.70921907201409,,,3.0112320091575384,3.39659396559,10.065257083624601,53.87950106523931,58.72045108117163,
8,1,0,50.0,before_recheck,0,1,0,0,0,REVOKE,context_version_changed_at_publish,53.9289228618145,,,3.9981610607355833,4.6928320080041885,7.573137991130352,55.3629610221833,57.92708392255008,
9,0,,50.0,control,1,0,0,0,0,EXECUTE,published_after_gate_recheck,53.210887825116515,53.2234120182693,0.012524193152785301,1.8876360263675451,,,52.00687190517783,55.09852385148406,55.111048044636846
10,1,0,50.0,before_recheck,0,1,0,0,0,REVOKE,context_version_changed_at_publish,58.01171204075217,,,3.2073690090328455,3.4446229692548513,6.338163977488875,56.216398952528834,61.21908104978502,
11,1,0,50.0,before_recheck,0,1,0,0,0,REVOKE,context_version_changed_at_publish,62.884591054171324,,,6.010269979014993,6.3209920190274715,13.487368123605847,58.08001011610031,68.89486103318632,
12,1,0,50.0,before_recheck,0,1,0,0,0,REVOKE,context_version_changed_at_publish,57.137916097417474,,,2.615168923512101,2.9111539479345083,6.114434916526079,53.546716924756765,59.753085020929575,
13,1,0,50.0,before_recheck,0,1,0,0,0,REVOKE,context_version_changed_at_publish,56.11185310408473,,,1.780756050720811,2.052505034953356,5.9612581972032785,53.97236510179937,57.89260915480554,
14,1,0,50.0,before_recheck,0,1,0,0,0,REVOKE,context_version_changed_at_publish,61.79737392812967,,,3.3186180517077446,3.5476370248943567,6.063580047339201,55.30220712535083,65.11599197983742,
15,0,,50.0,control,1,0,0,0,0,EXECUTE,published_after_gate_recheck,54.15215203538537,54.16783085092902,0.01567881554365158,2.6909210719168186,,,52.815146977081895,56.84307310730219,56.85875192284584
16,0,,50.0,control,1,0,0,0,0,EXECUTE,published_after_gate_recheck,57.91480094194412,57.92847694829106,0.013676006346940994,6.4649018459022045,,,56.59662187099457,64.37970278784633,64.39337879419327
17,1,0,50.0,before_recheck,0,1,0,0,0,REVOKE,context_version_changed_at_publish,55.39434915408492,,,6.121808895841241,6.824326002970338,15.382749028503895,57.162601966410875,61.51615804992616,
18,1,0,50.0,before_recheck,0,1,0,0,0,REVOKE,context_version_changed_at_publish,61.83173903264105,,,9.195887949317694,9.51097789220512,20.114623941481113,60.273288981989026,71.02762698195875,
19,1,0,50.0,before_recheck,0,1,0,0,0,REVOKE,context_version_changed_at_publish,62.931098975241184,,,6.74277194775641,7.878789911046624,14.73600696772337,64.70311805605888,69.6738709229976,
20,1,0,50.0,before_recheck,0,1,0,0,0,REVOKE,context_version_changed_at_publish,64.24487009644508,,,5.578821990638971,8.590163895860314,14.18923307210207,59.94830094277859,69.82369208708405,
21,0,,50.0,control,1,0,0,0,0,EXECUTE,published_after_gate_recheck,53.69435390457511,53.70689695701003,0.012543052434921265,2.312652999535203,,,52.749694092199206,56.00700690411031,56.019549956545234
22,0,,50.0,control,1,0,0,0,0,EXECUTE,published_after_gate_recheck,54.3708810582757,54.3846869841218,0.013805925846099854,2.240166999399662,,,52.37193685024977,56.61104805767536,56.62485398352146
23,1,0,50.0,before_recheck,0,1,0,0,0,REVOKE,context_version_changed_at_publish,53.477557841688395,,,12.331813108175993,12.570129940286279,19.893991062417626,62.959522008895874,65.80937094986439,
24,1,0,50.0,before_recheck,0,1,0,0,0,REVOKE,context_version_changed_at_publish,60.647389851510525,,,3.697497071698308,3.8629069458693266,6.441456964239478,54.46538794785738,64.34488692320883,
25,1,0,50.0,before_recheck,0,1,0,0,0,REVOKE,context_version_changed_at_publish,53.5457159858197,,,1.995648955926299,2.112216781824827,4.170613829046488,52.49970592558384,55.541364941746,
26,0,,50.0,control,1,0,0,0,0,EXECUTE,published_after_gate_recheck,62.62146797962487,62.63500405475497,0.013536075130105019,4.803680116310716,,,54.978600004687905,67.42514809593558,67.43868417106569
27,0,,50.0,control,1,0,0,0,0,EXECUTE,published_after_gate_recheck,52.43524513207376,52.4458650033921,0.010619871318340302,16.92705205641687,,,67.02300510369241,69.36229718849063,69.37291705980897
28,1,0,50.0,before_recheck,0,1,0,0,0,REVOKE,context_version_changed_at_publish,54.09817001782358,,,7.300767814740539,7.717137923464179,14.209831831976771,58.60971286892891,61.398937832564116,
29,1,0,50.0,before_recheck,0,1,0,0,0,REVOKE,context_version_changed_at_publish,58.546283980831504,,,5.149737931787968,5.35330013372004,9.444785071536899,55.692367954179645,63.69602191261947,
30,0,,50.0,control,1,0,0,0,0,EXECUTE,published_after_gate_recheck,55.924311047419906,55.934681091457605,0.0103700440376997,2.8062378987669945,,,52.97762202098966,58.7305489461869,58.7409189902246
31,1,0,50.0,before_recheck,0,1,0,0,0,REVOKE,context_version_changed_at_publish,58.6836920119822,,,11.670965002849698,12.738134013488889,20.30340814962983,63.40040802024305,70.3546570148319,
32,1,0,50.0,before_recheck,0,1,0,0,0,REVOKE,context_version_changed_at_publish,53.253237856552005,,,4.065386019647121,4.289856879040599,9.039685828611255,54.7634968534112,57.318623876199126,
33,1,0,50.0,before_recheck,0,1,0,0,0,REVOKE,context_version_changed_at_publish,54.34105498716235,,,4.088931018486619,4.2628159280866385,6.6064270213246346,54.752656957134604,58.42998600564897,
34,1,0,50.0,before_recheck,0,1,0,0,0,REVOKE,context_version_changed_at_publish,65.22025796584785,,,10.262977099046111,10.702691040933132,14.220962999388576,65.57007296942174,75.48323506489396,
35,1,0,50.0,before_recheck,0,1,0,0,0,REVOKE,context_version_changed_at_publish,53.598785074427724,,,2.7096359990537167,3.018264891579747,12.414437951520085,53.502734983339906,56.30842107348144,
36,1,0,50.0,before_recheck,0,1,0,0,0,REVOKE,context_version_changed_at_publish,54.663830902427435,,,3.0102389864623547,3.2199418637901545,6.310441996902227,53.65648306906223,57.67406988888979,
37,1,0,50.0,before_recheck,0,1,0,0,0,REVOKE,context_version_changed_at_publish,56.68870406225324,,,2.697933930903673,4.07620589248836,8.729413850232959,54.77934703230858,59.38663799315691,
38,1,0,50.0,before_recheck,0,1,0,0,0,REVOKE,context_version_changed_at_publish,53.98281500674784,,,2.110393950715661,2.2980060894042253,6.074069999158382,52.784459898248315,56.0932089574635,
39,1,0,50.0,before_recheck,0,1,0,0,0,REVOKE,context_version_changed_at_publish,55.001261876896024,,,5.092020146548748,5.299929063767195,10.370047995820642,55.816679960116744,60.09328202344477,
40,1,1,50.0,before_recheck,0,1,0,0,0,REVOKE,context_version_changed_at_publish,53.220335859805346,,,2.7911800425499678,3.9984509348869324,5.92651404440403,53.40107507072389,56.01151590235531,
41,1,1,50.0,before_recheck,0,1,0,0,0,REVOKE,context_version_changed_at_publish,56.35423678904772,,,3.2528750598430634,4.5249678660184145,8.271225960925221,54.30146190337837,59.60711184889078,
42,1,1,50.0,before_recheck,0,1,0,0,0,REVOKE,context_version_changed_at_publish,56.907424004748464,,,2.1448980551213026,3.403316019102931,5.728993099182844,52.963965106755495,59.052322059869766,
43,1,1,50.0,before_recheck,0,1,0,0,0,REVOKE,context_version_changed_at_publish,53.19194309413433,,,6.340728839859366,7.652475964277983,11.615219991654158,56.72035296447575,59.5326719339937,
44,0,,50.0,control,1,0,0,0,0,EXECUTE,published_after_gate_recheck,53.240895038470626,53.253748919814825,0.01285388134419918,5.455640144646168,,,55.58353313244879,58.696535183116794,58.70938906446099
45,1,1,50.0,before_recheck,0,1,0,0,0,REVOKE,context_version_changed_at_publish,59.29415510036051,,,4.393731942400336,11.438159039244056,15.982052078470588,56.447932962328196,63.68788704276085,
46,1,1,50.0,before_recheck,0,1,0,0,0,REVOKE,context_version_changed_at_publish,62.93917400762439,,,2.4368148297071457,3.9033228531479836,6.591017823666334,53.52282291278243,65.37598883733153,
47,1,1,50.0,before_recheck,0,1,0,0,0,REVOKE,context_version_changed_at_publish,56.398520013317466,,,2.4350520689040422,3.8897681515663862,7.879622047767043,54.49515511281788,58.83357208222151,
48,1,1,50.0,before_recheck,0,1,0,0,0,REVOKE,context_version_changed_at_publish,53.366410080343485,,,3.3568989019840956,4.6661919914186,7.717117900028825,54.1522519197315,56.72330898232758,
49,0,,50.0,control,1,0,0,0,0,EXECUTE,published_after_gate_recheck,52.81333392485976,52.825777092948556,0.012443168088793755,5.592938046902418,,,55.76408212073147,58.40627197176218,58.418715139850974
50,0,,50.0,control,1,0,0,0,0,EXECUTE,published_after_gate_recheck,52.72328504361212,52.746588131412864,0.023303087800741196,2.3560039699077606,,,52.4855291005224,55.07928901351988,55.102592101320624
51,1,1,50.0,before_recheck,0,1,0,0,0,REVOKE,context_version_changed_at_publish,58.61474317498505,,,5.224406952038407,6.614562124013901,11.011990020051599,57.55982594564557,63.83915012702346,
52,0,,50.0,control,1,0,0,0,0,EXECUTE,published_after_gate_recheck,53.1209500040859,53.131379187107086,0.010429183021187782,2.9127669986337423,,,53.03013022057712,56.03371700271964,56.04414618574083
53,1,1,50.0,before_recheck,0,1,0,0,0,REVOKE,context_version_changed_at_publish,57.078593876212835,,,2.785207936540246,3.9880219846963882,6.545612821355462,53.0317728407681,59.86380181275308,
54,1,1,50.0,before_recheck,0,1,0,0,0,REVOKE,context_version_changed_at_publish,55.24206394329667,,,7.288153981789947,9.206518065184355,19.414672860875726,59.2600810341537,62.53021792508662,
55,1,1,50.0,before_recheck,0,1,0,0,0,REVOKE,context_version_changed_at_publish,55.806931806728244,,,3.5543390549719334,4.847802920266986,8.614969905465841,53.916229866445065,59.36127086170018,
56,1,1,50.0,before_recheck,0,1,0,0,0,REVOKE,context_version_changed_at_publish,55.106238927692175,,,4.332727054134011,5.711069097742438,11.415997054427862,54.704166017472744,59.438965981826186,
57,1,1,50.0,before_recheck,0,1,0,0,0,REVOKE,context_version_changed_at_publish,57.14850593358278,,,2.052515046671033,3.3410589676350355,7.2392120491713285,53.197362925857306,59.201020980253816,
58,0,,50.0,control,1,0,0,0,0,EXECUTE,published_after_gate_recheck,59.631897835060954,59.6414259634912,0.009528128430247307,4.066237946972251,,,57.26311984471977,63.698135782033205,63.70766391046345
59,0,,50.0,control,1,0,0,0,0,EXECUTE,published_after_gate_recheck,56.89084203913808,56.904538068920374,0.013696029782295227,5.15109091065824,,,57.50897107645869,62.04193294979632,62.055628979578614
60,1,1,50.0,before_recheck,0,1,0,0,0,REVOKE,context_version_changed_at_publish,56.67778290808201,,,3.682549111545086,5.776492180302739,15.702798031270504,54.81173703446984,60.360332019627094,
61,0,,50.0,control,1,0,0,0,0,EXECUTE,published_after_gate_recheck,53.992453031241894,54.00511692278087,0.012663891538977623,3.06304800324142,,,53.188636898994446,57.055501034483314,57.06816492602229
62,0,,50.0,control,1,0,0,0,0,EXECUTE,published_after_gate_recheck,60.365763027220964,60.37815590389073,0.012392876669764519,2.6733081322163343,,,53.01981000229716,63.0390711594373,63.05146403610706
63,1,1,50.0,before_recheck,0,1,0,0,0,REVOKE,context_version_changed_at_publish,62.81769601628184,,,7.045659935101867,8.339133113622665,17.10385293699801,58.409787947312,69.86335595138371,
64,1,1,50.0,before_recheck,0,1,0,0,0,REVOKE,context_version_changed_at_publish,61.140264151617885,,,13.766740914434195,18.441820051521063,31.16133902221918,68.5334641020745,74.90700506605208,
65,1,1,50.0,before_recheck,0,1,0,0,0,REVOKE,context_version_changed_at_publish,64.10921597853303,,,4.583477042615414,5.912838038057089,16.059065936133265,54.99525205232203,68.69269302114844,
66,1,1,50.0,before_recheck,0,1,0,0,0,REVOKE,context_version_changed_at_publish,57.359710801392794,,,4.5156090054661036,7.4660268146544695,13.571715913712978,59.31352078914642,61.8753198068589,
67,1,1,50.0,before_recheck,0,1,0,0,0,REVOKE,context_version_changed_at_publish,55.843699956312776,,,3.0284039676189423,5.3374189883470535,10.051822056993842,54.42531383596361,58.87210392393172,
68,1,1,50.0,before_recheck,0,1,0,0,0,REVOKE,context_version_changed_at_publish,60.33839099109173,,,5.193891003727913,6.3839100766927,12.286418117582798,58.84090601466596,65.53228199481964,
69,1,1,50.0,before_recheck,0,1,0,0,0,REVOKE,context_version_changed_at_publish,52.90195904672146,,,3.710721852257848,5.415875930339098,11.44517189823091,54.13103196769953,56.612680898979306,
70,1,1,50.0,before_recheck,0,1,0,0,0,REVOKE,context_version_changed_at_publish,56.45122891291976,,,5.933074979111552,7.573538925498724,13.207362964749336,56.64773704484105,62.38430389203131,
71,1,1,50.0,before_recheck,0,1,0,0,0,REVOKE,context_version_changed_at_publish,67.95037211850286,,,6.756918970495462,11.16664009168744,17.824263079091907,65.1959020178765,74.70729108899832,
72,1,1,50.0,before_recheck,0,1,0,0,0,REVOKE,context_version_changed_at_publish,67.6260651089251,,,9.796383092179894,11.123910080641508,17.36429100856185,64.1271302010864,77.422448201105,
73,1,1,50.0,before_recheck,0,1,0,0,0,REVOKE,context_version_changed_at_publish,57.4991621542722,,,4.154874011874199,8.140931138768792,21.266191033646464,57.38449702039361,61.6540361661464,
74,0,,50.0,control,1,0,0,0,0,EXECUTE,published_after_gate_recheck,53.45452483743429,53.4690017811954,0.014476943761110306,1.966293202713132,,,52.09533800370991,55.420818040147424,55.435294983908534
75,1,1,50.0,before_recheck,0,1,0,0,0,REVOKE,context_version_changed_at_publish,52.77387914247811,,,2.7923418674618006,4.040158819407225,7.035811897367239,53.32353990525007,55.56622100993991,
76,1,1,50.0,before_recheck,0,1,0,0,0,REVOKE,context_version_changed_at_publish,54.47965604253113,,,2.402990823611617,3.965468844398856,7.653357926756144,52.994021913036704,56.88264686614275,
77,1,1,50.0,before_recheck,0,1,0,0,0,REVOKE,context_version_changed_at_publish,53.56685584411025,,,3.1437890138477087,4.44923504255712,8.526704041287303,53.541747853159904,56.71064485795796,
78,0,,50.0,control,1,0,0,0,0,EXECUTE,published_after_gate_recheck,53.59535897150636,53.607441019266844,0.012082047760486603,2.804403891786933,,,53.79077489487827,56.39976286329329,56.41184491105378
79,1,1,50.0,before_recheck,0,1,0,0,0,REVOKE,context_version_changed_at_publish,53.28233283944428,,,2.0691060926765203,3.3676689490675926,6.595226004719734,52.44892090559006,55.3514389321208,
80,0,,50.0,control,1,0,0,0,0,EXECUTE,published_after_gate_recheck,55.18928519450128,55.19756115972996,0.008275965228676796,2.695809816941619,,,52.792364032939076,57.8850950114429,57.89337097667158
81,1,3,50.0,before_recheck,0,1,0,0,0,REVOKE,context_version_changed_at_publish,53.46645717509091,,,1.7217248678207397,4.9278519582003355,7.810030831024051,52.004226949065924,55.18818204291165,
82,1,3,50.0,before_recheck,0,1,0,0,0,REVOKE,context_version_changed_at_publish,53.43941692262888,,,2.504101023077965,5.7110588531941175,10.907304007560015,52.868376951664686,55.943517945706844,
83,1,3,50.0,before_recheck,0,1,0,0,0,REVOKE,context_version_changed_at_publish,53.18505014292896,,,4.42713382653892,7.661583833396435,12.20369292423129,54.66684582643211,57.61218396946788,
84,1,3,50.0,before_recheck,0,1,0,0,0,REVOKE,context_version_changed_at_publish,54.33383188210428,,,2.8912171255797148,6.145734107121825,10.528335114941001,53.218903951346874,57.22504900768399,
85,0,,50.0,control,1,0,0,0,0,EXECUTE,published_after_gate_recheck,54.6910110861063,54.70160092227161,0.010589836165308952,3.3793810289353132,,,53.49337705411017,58.070392115041614,58.08098195120692
86,1,3,50.0,before_recheck,0,1,0,0,0,REVOKE,context_version_changed_at_publish,52.85175493918359,,,2.1780498791486025,5.503970896825194,11.610771995037794,52.57593793794513,55.029804818332195,
87,1,3,50.0,before_recheck,0,1,0,0,0,REVOKE,context_version_changed_at_publish,53.071397822350264,,,2.088582143187523,5.333621986210346,9.544790955260396,52.48564900830388,55.15997996553779,
88,1,3,50.0,before_recheck,0,1,0,0,0,REVOKE,context_version_changed_at_publish,52.99729807302356,,,2.6063029654324055,5.853296024724841,12.203031918033957,52.94266599230468,55.60360103845596,
89,0,,50.0,control,1,0,0,0,0,EXECUTE,published_after_gate_recheck,52.64414590783417,52.653172984719276,0.00902707688510418,1.343396957963705,,,51.413401030004025,53.98754286579788,53.99656994268298
90,0,,50.0,control,1,0,0,0,0,EXECUTE,published_after_gate_recheck,53.2021620310843,53.21520706638694,0.013045035302639008,2.3582878056913614,,,52.455041790381074,55.56044983677566,55.5734948720783
91,1,3,50.0,before_recheck,0,1,0,0,0,REVOKE,context_version_changed_at_publish,52.798636024817824,,,2.662738785147667,6.07666396535933,9.87521093338728,53.09878778643906,55.46137480996549,
92,0,,50.0,control,1,0,0,0,0,EXECUTE,published_after_gate_recheck,55.44191808439791,55.45251700095832,0.010598916560411453,3.6563710309565067,,,53.75739303417504,59.09828911535442,59.10888803191483
93,1,3,50.0,before_recheck,0,1,0,0,0,REVOKE,context_version_changed_at_publish,53.40753705240786,,,4.247977863997221,7.476886967197061,10.70415391586721,54.69301505945623,57.65551491640508,
94,1,3,50.0,before_recheck,0,1,0,0,0,REVOKE,context_version_changed_at_publish,54.98921009711921,,,3.1918289605528116,7.392209023237228,10.827283840626478,54.971986915916204,58.181039057672024,
95,1,3,50.0,before_recheck,0,1,0,0,0,REVOKE,context_version_changed_at_publish,53.06699895299971,,,4.822834860533476,8.100264938548207,12.056656880304217,55.11746997945011,57.88983381353319,
96,0,,50.0,control,1,0,0,0,0,EXECUTE,published_after_gate_recheck,52.75861197151244,52.76898085139692,0.01036887988448143,2.509501064196229,,,52.61466093361378,55.268113035708666,55.27848191559315
97,1,3,50.0,before_recheck,0,1,0,0,0,REVOKE,context_version_changed_at_publish,53.20256296545267,,,1.9601720850914717,5.206674104556441,8.297404972836375,52.46183509007096,55.16273505054414,
98,0,,50.0,control,1,0,0,0,0,EXECUTE,published_after_gate_recheck,52.709469106048346,52.718125050887465,0.008655944839119911,2.6943678967654705,,,52.78950906358659,55.403837002813816,55.412492947652936
99,1,3,50.0,before_recheck,0,1,0,0,0,REVOKE,context_version_changed_at_publish,52.76175704784691,,,2.146600978448987,5.360201932489872,8.649904979392886,52.424494875594974,54.9083580262959,
100,0,,50.0,control,1,0,0,0,0,EXECUTE,published_after_gate_recheck,52.85357893444598,52.864949917420745,0.011370982974767685,1.8565680366009474,,,51.961767952889204,54.710146971046925,54.72151795402169
101,1,3,50.0,before_recheck,0,1,0,0,0,REVOKE,context_version_changed_at_publish,55.00382790341973,,,2.5710968766361475,5.861360812559724,9.336832910776138,52.94540082104504,57.57492478005588,
102,1,3,50.0,before_recheck,0,1,0,0,0,REVOKE,context_version_changed_at_publish,53.37763112038374,,,2.8723108116537333,6.510146893560886,10.534064844250679,53.580580977723,56.24994193203747,
103,1,3,50.0,before_recheck,0,1,0,0,0,REVOKE,context_version_changed_at_publish,53.654939867556095,,,2.236359054222703,5.584622034803033,11.798583902418613,52.66144894994795,55.8912989217788,
104,1,3,50.0,before_recheck,0,1,0,0,0,REVOKE,context_version_changed_at_publish,53.038225043565035,,,2.5331759825348854,5.832657916471362,8.710850030183792,52.85029299557209,55.57140102609992,
105,1,3,50.0,before_recheck,0,1,0,0,0,REVOKE,context_version_changed_at_publish,53.266383009031415,,,1.929735066369176,5.258030956611037,10.15980402007699,52.38904897123575,55.19611807540059,
106,0,,50.0,control,1,0,0,0,0,EXECUTE,published_after_gate_recheck,56.66806502267718,56.68063904158771,0.01257401891052723,3.6379459779709578,,,53.78123698756099,60.30601100064814,60.31858501955867
107,1,3,50.0,before_recheck,0,1,0,0,0,REVOKE,context_version_changed_at_publish,53.85615793056786,,,2.067883964627981,5.225058877840638,9.056636830791831,52.26035788655281,55.92404189519584,
108,1,3,50.0,before_recheck,0,1,0,0,0,REVOKE,context_version_changed_at_publish,54.10140682943165,,,1.7450591549277306,4.956856137141585,7.147571071982384,51.99427902698517,55.846465984359384,
109,1,3,50.0,before_recheck,0,1,0,0,0,REVOKE,context_version_changed_at_publish,53.40550187975168,,,3.3800131641328335,6.725579965859652,9.938059141859412,53.77161898650229,56.785515043884516,
110,1,3,50.0,before_recheck,0,1,0,0,0,REVOKE,context_version_changed_at_publish,54.23916387371719,,,4.016424994915724,7.799381855875254,11.756484862416983,55.093124974519014,58.25558886863291,
111,1,3,50.0,before_recheck,0,1,0,0,0,REVOKE,context_version_changed_at_publish,53.726864978671074,,,3.9636860601603985,7.336665177717805,12.294453103095293,54.4101451523602,57.69055103883147,
112,1,3,50.0,before_recheck,0,1,0,0,0,REVOKE,context_version_changed_at_publish,53.12450719065964,,,3.600724972784519,6.819435162469745,10.53598802536726,53.89341711997986,56.72523216344416,
113,1,3,50.0,before_recheck,0,1,0,0,0,REVOKE,context_version_changed_at_publish,54.30458695627749,,,2.604690147563815,5.818972131237388,9.362771175801754,52.9723921790719,56.909277103841305,
114,1,3,50.0,before_recheck,0,1,0,0,0,REVOKE,context_version_changed_at_publish,53.65664302371442,,,2.338621998205781,6.0724669601768255,8.413693169131875,53.47630614414811,55.995265021920204,
115,1,3,50.0,before_recheck,0,1,0,0,0,REVOKE,context_version_changed_at_publish,52.72434721700847,,,1.8136869184672832,5.0057279877364635,6.951413117349148,52.10307193920016,54.538034135475755,
116,1,3,50.0,before_recheck,0,1,0,0,0,REVOKE,context_version_changed_at_publish,52.48016002587974,,,1.5953879337757826,4.818756831809878,7.218863815069199,51.811276003718376,54.07554795965552,
117,1,3,50.0,before_recheck,0,1,0,0,0,REVOKE,context_version_changed_at_publish,53.48306801170111,,,1.767040928825736,4.931159084662795,7.332638138905168,51.96269997395575,55.25010894052684,
118,1,3,50.0,before_recheck,0,1,0,0,0,REVOKE,context_version_changed_at_publish,54.12788596004248,,,4.751823144033551,8.016369072720408,11.071713175624609,55.08166318759322,58.87970910407603,
119,0,,50.0,control,1,0,0,0,0,EXECUTE,published_after_gate_recheck,52.68428195267916,52.6953327935189,0.011050840839743614,2.225839998573065,,,52.337421802803874,54.91012195125222,54.921172792091966
120,1,10,50.0,before_recheck,0,1,0,0,0,REVOKE,context_version_changed_at_publish,52.46092309243977,,,2.345894929021597,12.579618021845818,17.439071089029312,52.648243959993124,54.80681802146137,
121,1,10,50.0,before_recheck,0,1,0,0,0,REVOKE,context_version_changed_at_publish,54.51526213437319,,,2.585984067991376,12.882173992693424,15.993583016097546,53.55758802033961,57.101246202364564,
122,1,10,50.0,before_recheck,0,1,0,0,0,REVOKE,context_version_changed_at_publish,53.2234210986644,,,3.4553040750324726,13.781860005110502,17.166431061923504,53.79434209316969,56.678725173696876,
123,1,10,50.0,before_recheck,0,1,0,0,0,REVOKE,context_version_changed_at_publish,54.6183749102056,,,3.2403510995209217,13.536500046029687,18.957074964419007,53.56946005485952,57.858726009726524,
124,1,10,50.0,before_recheck,0,1,0,0,0,REVOKE,context_version_changed_at_publish,52.75220889598131,,,1.9114010501652956,12.258254922926426,16.895101871341467,52.2795629221946,54.66360994614661,
125,0,,50.0,control,1,0,0,0,0,EXECUTE,published_after_gate_recheck,52.91881086304784,52.933078026399016,0.01426716335117817,1.8029981292784214,,,51.8617311026901,54.72180899232626,54.73607615567744
126,1,10,50.0,before_recheck,0,1,0,0,0,REVOKE,context_version_changed_at_publish,52.966339979320765,,,3.0897289980202913,13.365769991651177,17.876992002129555,53.43409604392946,56.056068977341056,
127,1,10,50.0,before_recheck,0,1,0,0,0,REVOKE,context_version_changed_at_publish,52.98385303467512,,,3.1330790370702744,13.456379994750023,17.230870900675654,53.634040988981724,56.116932071745396,
128,1,10,50.0,before_recheck,0,1,0,0,0,REVOKE,context_version_changed_at_publish,53.12087992206216,,,2.6182651054114103,12.764943996444345,17.004076158627868,52.79363598674536,55.73914502747357,
129,0,,50.0,control,1,0,0,0,0,EXECUTE,published_after_gate_recheck,53.955442970618606,53.967676125466824,0.012233154848217964,2.678819000720978,,,52.814505994319916,56.63426197133958,56.6464951261878
130,0,,50.0,control,1,0,0,0,0,EXECUTE,published_after_gate_recheck,53.37375309318304,53.38812991976738,0.014376826584339142,1.299465075135231,,,51.46086006425321,54.67321816831827,54.68759499490261
131,1,10,50.0,before_recheck,0,1,0,0,0,REVOKE,context_version_changed_at_publish,52.753580966964364,,,3.1725941225886345,13.455809094011784,17.491720151156187,53.47710708156228,55.926175089553,
132,1,10,50.0,before_recheck,0,1,0,0,0,REVOKE,context_version_changed_at_publish,55.0586199387908,,,1.7682830803096294,11.913841124624014,16.498059034347534,51.94035801105201,56.82690301910043,
133,0,,50.0,control,1,0,0,0,0,EXECUTE,published_after_gate_recheck,52.90072690695524,52.91128694079816,0.010560033842921257,3.6985890474170446,,,53.77786001190543,56.59931595437229,56.60987598821521
134,1,10,50.0,before_recheck,0,1,0,0,0,REVOKE,context_version_changed_at_publish,53.377229953184724,,,2.517526037991047,12.834194116294384,16.686761984601617,52.897921996191144,55.89475599117577,
135,1,10,50.0,before_recheck,0,1,0,0,0,REVOKE,context_version_changed_at_publish,52.45023290626705,,,2.131654182448983,12.275548186153173,15.425438992679119,52.28614597581327,54.58188708871603,
136,0,,50.0,control,1,0,0,0,0,EXECUTE,published_after_gate_recheck,54.06469805166125,54.07594912685454,0.011251075193285942,2.8024499770253897,,,53.104679100215435,56.86714802868664,56.87839910387993
137,1,10,50.0,before_recheck,0,1,0,0,0,REVOKE,context_version_changed_at_publish,53.87954111211002,,,2.718233037739992,13.239423977211118,16.482079168781638,53.27458819374442,56.59777414985001,
138,0,,50.0,control,1,0,0,0,0,EXECUTE,published_after_gate_recheck,53.00315888598561,53.014630917459726,0.011472031474113464,2.5787311606109142,,,52.68768803216517,55.58189004659653,55.59336207807064
139,0,,50.0,control,1,0,0,0,0,EXECUTE,published_after_gate_recheck,53.40681504458189,53.41810593381524,0.011290889233350754,2.213005907833576,,,52.35733883455396,55.619820952415466,55.63111184164882
140,1,10,50.0,before_recheck,0,1,0,0,0,REVOKE,context_version_changed_at_publish,53.23956208303571,,,2.147203078493476,12.378170154988766,15.739998081699014,52.42189997807145,55.38676516152918,
141,0,,50.0,control,1,0,0,0,0,EXECUTE,published_after_gate_recheck,52.767748944461346,52.77563305571675,0.007884111255407333,1.746681984513998,,,51.84763390570879,54.514430928975344,54.52231504023075
142,0,,50.0,control,1,0,0,0,0,EXECUTE,published_after_gate_recheck,52.90567595511675,52.91640595532954,0.010730000212788582,2.775761066004634,,,52.9611308593303,55.68143702112138,55.69216702133417
143,1,10,50.0,before_recheck,0,1,0,0,0,REVOKE,context_version_changed_at_publish,52.641901886090636,,,1.9116620533168316,12.271370040252805,15.652725007385015,52.29788785800338,54.55356393940747,
144,1,10,50.0,before_recheck,0,1,0,0,0,REVOKE,context_version_changed_at_publish,52.991766948252916,,,3.108714008703828,13.267314992845058,16.461168881505728,53.3667600248009,56.100480956956744,
145,1,10,50.0,before_recheck,0,1,0,0,0,REVOKE,context_version_changed_at_publish,52.7633901219815,,,2.6309089735150337,12.814287096261978,15.972624067217112,52.87711299024522,55.394299095496535,
146,1,10,50.0,before_recheck,0,1,0,0,0,REVOKE,context_version_changed_at_publish,52.59953299537301,,,2.610680880025029,12.864851858466864,17.201205948367715,52.89308284409344,55.21021387539804,
147,1,10,50.0,before_recheck,0,1,0,0,0,REVOKE,context_version_changed_at_publish,53.299964871257544,,,2.1704260725528,12.439585058018565,15.419727889820933,52.48710187152028,55.470390943810344,
148,1,10,50.0,before_recheck,0,1,0,0,0,REVOKE,context_version_changed_at_publish,53.38812107220292,,,1.5396939124912024,11.722059920430183,15.666390070691705,51.75828700885177,54.92781498469412,
149,1,10,50.0,before_recheck,0,1,0,0,0,REVOKE,context_version_changed_at_publish,52.82723996788263,,,2.51779705286026,12.73913704790175,16.49695704691112,52.790862042456865,55.34503702074289,
150,1,10,50.0,before_recheck,0,1,0,0,0,REVOKE,context_version_changed_at_publish,52.85734590142965,,,1.5286640264093876,11.808502953499556,14.725576853379607,51.887789042666554,54.38600992783904,
151,0,,50.0,control,1,0,0,0,0,EXECUTE,published_after_gate_recheck,52.72991699166596,52.739314967766404,0.009397976100444794,1.8764249980449677,,,51.98240606114268,54.60634198971093,54.61573996581137
152,1,10,50.0,before_recheck,0,1,0,0,0,REVOKE,context_version_changed_at_publish,53.156466921791434,,,2.69626104272902,13.006377033889294,16.781259095296264,52.95982793904841,55.852727964520454,
153,1,10,50.0,before_recheck,0,1,0,0,0,REVOKE,context_version_changed_at_publish,52.95056104660034,,,2.1169250831007957,12.395392172038555,16.531541012227535,52.45379917323589,55.06748612970114,
154,1,10,50.0,before_recheck,0,1,0,0,0,REVOKE,context_version_changed_at_publish,54.07982598990202,,,1.7848440911620855,12.110649142414331,16.64986298419535,52.2007062099874,55.864670081064105,
155,1,10,50.0,before_recheck,0,1,0,0,0,REVOKE,context_version_changed_at_publish,52.49159084632993,,,1.7798850312829018,11.931082932278514,15.177845023572445,51.96183896623552,54.27147587761283,
156,1,10,50.0,before_recheck,0,1,0,0,0,REVOKE,context_version_changed_at_publish,55.3248489741236,,,2.034451114013791,12.234800960868597,15.617909142747521,53.81514015607536,57.35930008813739,
157,1,10,50.0,before_recheck,0,1,0,0,0,REVOKE,context_version_changed_at_publish,58.08724393136799,,,4.254060098901391,18.628458958119154,29.629389056935906,57.96992406249046,62.341304030269384,
158,1,10,50.0,before_recheck,0,1,0,0,0,REVOKE,context_version_changed_at_publish,56.41853716224432,,,9.293210925534368,19.660352962091565,31.429000897333026,61.156104085966945,65.71174808777869,
159,1,10,50.0,before_recheck,0,1,0,0,0,REVOKE,context_version_changed_at_publish,57.94895510189235,,,5.097700050100684,15.294554177671671,19.862592220306396,55.34130008891225,63.046655151993036,
160,0,,50.0,control,1,0,0,0,0,EXECUTE,published_after_gate_recheck,53.51977702230215,53.53279202245176,0.013015000149607658,4.444976802915335,,,54.578459821641445,57.964753825217485,57.97776882536709
161,1,30,50.0,before_recheck,0,1,0,0,0,REVOKE,context_version_changed_at_publish,59.42097306251526,,,6.101150065660477,37.41555707529187,45.55524606257677,59.98650216497481,65.52212312817574,
162,0,,50.0,control,1,0,0,0,0,EXECUTE,published_after_gate_recheck,64.84200898557901,64.85388102009892,0.011872034519910812,10.794111993163824,,,60.91318791732192,75.63612097874284,75.64799301326275
163,0,,50.0,control,1,0,0,0,0,EXECUTE,published_after_gate_recheck,56.21895403601229,56.230594869703054,0.01164083369076252,3.8831450510770082,,,54.828589083626866,60.1020990870893,60.11373992078006
164,1,30,50.0,before_recheck,0,1,0,0,0,REVOKE,context_version_changed_at_publish,53.98133210837841,,,8.643032051622868,39.08907203003764,47.68394399434328,59.49196615256369,62.62436416000128,
165,1,30,50.0,before_recheck,0,1,0,0,0,REVOKE,context_version_changed_at_publish,52.8067818377167,,,1.8423511646687984,32.15143410488963,37.97657717950642,52.188192028552294,54.6491330023855,
166,1,30,50.0,before_recheck,0,1,0,0,0,REVOKE,context_version_changed_at_publish,54.787552915513515,,,2.876227954402566,35.23872792720795,41.33220389485359,53.31121594645083,57.66378086991608,
167,1,30,50.0,before_recheck,0,1,0,0,0,REVOKE,context_version_changed_at_publish,58.03080787882209,,,3.573365043848753,34.441163996234536,38.677130127325654,54.54604001715779,61.60417292267084,
168,1,30,50.0,before_recheck,0,1,0,0,0,REVOKE,context_version_changed_at_publish,62.479062005877495,,,4.610538017004728,37.78947703540325,46.05038417503238,57.85588105209172,67.08960002288222,
169,1,30,50.0,before_recheck,0,1,0,0,0,REVOKE,context_version_changed_at_publish,54.16980502195656,,,3.174948040395975,33.56625512242317,38.23249717243016,53.614314179867506,57.34475306235254,
170,1,30,50.0,before_recheck,0,1,0,0,0,REVOKE,context_version_changed_at_publish,57.37192393280566,,,2.408501924946904,32.766256015747786,38.500809809193015,53.904176922515035,59.78042585775256,
171,1,30,50.0,before_recheck,0,1,0,0,0,REVOKE,context_version_changed_at_publish,58.72433818876743,,,5.259633995592594,38.76987402327359,51.14665115252137,60.72668917477131,63.98397218436003,
172,1,30,50.0,before_recheck,0,1,0,0,0,REVOKE,context_version_changed_at_publish,57.099602883681655,,,2.5959841441363096,33.36754301562905,42.765810154378414,53.2534581143409,59.695587027817965,
173,1,30,50.0,before_recheck,0,1,0,0,0,REVOKE,context_version_changed_at_publish,52.75072599761188,,,1.913504907861352,32.49994688667357,40.133718866854906,52.17099003493786,54.66423090547323,
174,1,30,50.0,before_recheck,0,1,0,0,0,REVOKE,context_version_changed_at_publish,54.914769949391484,,,2.597557147964835,33.67762407287955,42.067833011969924,53.49610303528607,57.51232709735632,
175,0,,50.0,control,1,0,0,0,0,EXECUTE,published_after_gate_recheck,55.126095889136195,55.139651987701654,0.013556098565459251,5.7113501243293285,,,55.83394295535982,60.837446013465524,60.85100211203098
176,0,,50.0,control,1,0,0,0,0,EXECUTE,published_after_gate_recheck,53.99683094583452,54.007319966331124,0.010489020496606827,3.2951929606497288,,,53.66085097193718,57.292023906484246,57.30251292698085
177,1,30,50.0,before_recheck,0,1,0,0,0,REVOKE,context_version_changed_at_publish,57.85499908961356,,,3.1422169413417578,35.56490992195904,47.199846943840384,54.40889298915863,60.997216030955315,
178,1,30,50.0,before_recheck,0,1,0,0,0,REVOKE,context_version_changed_at_publish,57.31512699276209,,,3.7419311702251434,36.01244813762605,42.860117042437196,57.466451078653336,61.05705816298723,
179,1,30,50.0,before_recheck,0,1,0,0,0,REVOKE,context_version_changed_at_publish,55.76865002512932,,,2.0737750455737114,32.39183500409126,37.92380797676742,52.475760923698545,57.84242507070303,
180,1,30,50.0,before_recheck,0,1,0,0,0,REVOKE,context_version_changed_at_publish,55.164128076285124,,,9.860873920843005,40.42415297590196,47.87014308385551,60.36574300378561,65.02500199712813,
181,1,30,50.0,before_recheck,0,1,0,0,0,REVOKE,context_version_changed_at_publish,53.02001000382006,,,2.987887943163514,33.645994029939175,37.32501692138612,53.6662710364908,56.007897946983576,
182,1,30,50.0,before_recheck,0,1,0,0,0,REVOKE,context_version_changed_at_publish,59.03365695849061,,,2.940468955785036,33.33355882205069,37.81138779595494,53.275288781151175,61.974125914275646,
183,1,30,50.0,before_recheck,0,1,0,0,0,REVOKE,context_version_changed_at_publish,58.46778699196875,,,4.3695359490811825,34.736506873741746,41.01797589100897,54.79381396435201,62.83732294104993,
184,1,30,50.0,before_recheck,0,1,0,0,0,REVOKE,context_version_changed_at_publish,53.99636994116008,,,2.5086000096052885,32.99271105788648,39.81796791777015,53.87999187223613,56.50496995076537,
185,0,,50.0,control,1,0,0,0,0,EXECUTE,published_after_gate_recheck,56.03781505487859,56.05002702213824,0.012211967259645462,2.6757330633699894,,,52.812252193689346,58.71354811824858,58.72576008550823
186,0,,50.0,control,1,0,0,0,0,EXECUTE,published_after_gate_recheck,54.654412902891636,54.66753710061312,0.013124197721481323,5.408261902630329,,,56.02300679311156,60.062674805521965,60.075799003243446
187,1,30,50.0,before_recheck,0,1,0,0,0,REVOKE,context_version_changed_at_publish,56.27816519699991,,,2.39607784897089,32.8747290186584,38.877415005117655,54.878932889550924,58.6742430459708,
188,1,30,50.0,before_recheck,0,1,0,0,0,REVOKE,context_version_changed_at_publish,56.75023002550006,,,5.701059941202402,37.133256904780865,46.05314810760319,57.21954791806638,62.45128996670246,
189,1,30,50.0,before_recheck,0,1,0,0,0,REVOKE,context_version_changed_at_publish,55.96346501260996,,,5.256147822365165,36.39649786055088,44.15677580982447,57.91014293208718,61.21961283497512,
190,1,30,50.0,before_recheck,0,1,0,0,0,REVOKE,context_version_changed_at_publish,59.80374896898866,,,7.8657870180904865,38.309020921587944,50.038815941661596,58.59265080653131,67.66953598707914,
191,1,30,50.0,before_recheck,0,1,0,0,0,REVOKE,context_version_changed_at_publish,61.20943301357329,,,7.353967055678368,37.74071508087218,45.65797816030681,59.764445992186666,68.56340006925166,
192,1,30,50.0,before_recheck,0,1,0,0,0,REVOKE,context_version_changed_at_publish,55.610253009945154,,,7.612582063302398,37.87341411225498,42.414171155542135,58.83987410925329,63.22283507324755,
193,1,30,50.0,before_recheck,0,1,0,0,0,REVOKE,context_version_changed_at_publish,53.51055902428925,,,3.9450409822165966,34.288296941667795,53.36902383714914,54.31248201057315,57.45560000650585,
194,0,,50.0,control,1,0,0,0,0,EXECUTE,published_after_gate_recheck,57.07021802663803,57.08374292589724,0.013524899259209633,9.826680179685354,,,60.54941611364484,66.89689820632339,66.9104231055826
195,1,30,50.0,before_recheck,0,1,0,0,0,REVOKE,context_version_changed_at_publish,65.87541499175131,,,12.804629048332572,43.64648018963635,59.89952012896538,66.57771114259958,78.68004404008389,
196,1,30,50.0,before_recheck,0,1,0,0,0,REVOKE,context_version_changed_at_publish,64.50768187642097,,,7.425862131640315,44.68525596894324,53.12136001884937,67.509476095438,71.93354400806129,
197,0,,50.0,control,1,0,0,0,0,EXECUTE,published_after_gate_recheck,54.54908590763807,54.58582495339215,0.03673904575407505,4.032033961266279,,,54.16939500719309,58.58111986890435,58.61785891465843
198,0,,50.0,control,1,0,0,0,0,EXECUTE,published_after_gate_recheck,56.482617976143956,56.49277684278786,0.01015886664390564,2.6986361481249332,,,54.223635932430625,59.18125412426889,59.191412990912795
199,1,30,50.0,before_recheck,0,1,0,0,0,REVOKE,context_version_changed_at_publish,60.697473818436265,,,7.310135988518596,37.79818397015333,47.92896285653114,58.073137886822224,68.00760980695486,
