fault,run,http_status,outcome,reason,pass,first_released,replay_released
malformed_bad_timestamp,0,200,REVOKE,"schema_incomplete:id,payload",True,,
malformed_bad_timestamp,1,200,REVOKE,"schema_incomplete:id,payload",True,,
malformed_missing_fields,2,200,REVOKE,"schema_incomplete:timestamp_decision,freshness_window_ms,payload",True,,
malformed_invalid_json,3,400,,HTTP Error 400: Bad Request,True,,
malformed_invalid_json,4,400,,HTTP Error 400: Bad Request,True,,
malformed_invalid_json,5,400,,HTTP Error 400: Bad Request,True,,
malformed_bad_timestamp,6,200,REVOKE,"schema_incomplete:id,payload",True,,
malformed_wrong_types,7,200,REVOKE,schema_invalid:freshness_window_ms: 'soon' is not of type 'integer',True,,
malformed_bad_timestamp,8,200,REVOKE,"schema_incomplete:id,payload",True,,
malformed_wrong_types,9,200,REVOKE,schema_invalid:freshness_window_ms: 'soon' is not of type 'integer',True,,
malformed_trailing_garbage,10,400,,HTTP Error 400: Bad Request,True,,
malformed_bad_timestamp,11,200,REVOKE,"schema_incomplete:id,payload",True,,
malformed_bad_timestamp,12,200,REVOKE,"schema_incomplete:id,payload",True,,
malformed_bad_timestamp,13,200,REVOKE,"schema_incomplete:id,payload",True,,
malformed_invalid_json,14,400,,HTTP Error 400: Bad Request,True,,
malformed_invalid_json,15,400,,HTTP Error 400: Bad Request,True,,
malformed_wrong_types,16,200,REVOKE,schema_invalid:freshness_window_ms: 'soon' is not of type 'integer',True,,
malformed_wrong_types,17,200,REVOKE,schema_invalid:freshness_window_ms: 'soon' is not of type 'integer',True,,
malformed_bad_timestamp,18,200,REVOKE,"schema_incomplete:id,payload",True,,
malformed_wrong_types,19,200,REVOKE,schema_invalid:freshness_window_ms: 'soon' is not of type 'integer',True,,
malformed_invalid_json,20,400,,HTTP Error 400: Bad Request,True,,
malformed_wrong_types,21,200,REVOKE,schema_invalid:freshness_window_ms: 'soon' is not of type 'integer',True,,
malformed_trailing_garbage,22,400,,HTTP Error 400: Bad Request,True,,
malformed_invalid_json,23,400,,HTTP Error 400: Bad Request,True,,
malformed_trailing_garbage,24,400,,HTTP Error 400: Bad Request,True,,
malformed_wrong_types,25,200,REVOKE,schema_invalid:freshness_window_ms: 'soon' is not of type 'integer',True,,
malformed_missing_fields,26,200,REVOKE,"schema_incomplete:timestamp_decision,freshness_window_ms,payload",True,,
malformed_bad_timestamp,27,200,REVOKE,"schema_incomplete:id,payload",True,,
malformed_invalid_json,28,400,,HTTP Error 400: Bad Request,True,,
malformed_trailing_garbage,29,400,,HTTP Error 400: Bad Request,True,,
malformed_missing_fields,30,200,REVOKE,"schema_incomplete:timestamp_decision,freshness_window_ms,payload",True,,
malformed_missing_fields,31,200,REVOKE,"schema_incomplete:timestamp_decision,freshness_window_ms,payload",True,,
malformed_invalid_json,32,400,,HTTP Error 400: Bad Request,True,,
malformed_invalid_json,33,400,,HTTP Error 400: Bad Request,True,,
malformed_missing_fields,34,200,REVOKE,"schema_incomplete:timestamp_decision,freshness_window_ms,payload",True,,
malformed_bad_timestamp,35,200,REVOKE,"schema_incomplete:id,payload",True,,
malformed_bad_timestamp,36,200,REVOKE,"schema_incomplete:id,payload",True,,
malformed_trailing_garbage,37,400,,HTTP Error 400: Bad Request,True,,
malformed_bad_timestamp,38,200,REVOKE,"schema_incomplete:id,payload",True,,
malformed_missing_fields,39,200,REVOKE,"schema_incomplete:timestamp_decision,freshness_window_ms,payload",True,,
malformed_missing_fields,40,200,REVOKE,"schema_incomplete:timestamp_decision,freshness_window_ms,payload",True,,
malformed_wrong_types,41,200,REVOKE,schema_invalid:freshness_window_ms: 'soon' is not of type 'integer',True,,
malformed_missing_fields,42,200,REVOKE,"schema_incomplete:timestamp_decision,freshness_window_ms,payload",True,,
malformed_bad_timestamp,43,200,REVOKE,"schema_incomplete:id,payload",True,,
malformed_trailing_garbage,44,400,,HTTP Error 400: Bad Request,True,,
malformed_wrong_types,45,200,REVOKE,schema_invalid:freshness_window_ms: 'soon' is not of type 'integer',True,,
malformed_bad_timestamp,46,200,REVOKE,"schema_incomplete:id,payload",True,,
malformed_trailing_garbage,47,400,,HTTP Error 400: Bad Request,True,,
malformed_bad_timestamp,48,200,REVOKE,"schema_incomplete:id,payload",True,,
malformed_wrong_types,49,200,REVOKE,schema_invalid:freshness_window_ms: 'soon' is not of type 'integer',True,,
malformed_missing_fields,50,200,REVOKE,"schema_incomplete:timestamp_decision,freshness_window_ms,payload",True,,
malformed_wrong_types,51,200,REVOKE,schema_invalid:freshness_window_ms: 'soon' is not of type 'integer',True,,
malformed_missing_fields,52,200,REVOKE,"schema_incomplete:timestamp_decision,freshness_window_ms,payload",True,,
malformed_wrong_types,53,200,REVOKE,schema_invalid:freshness_window_ms: 'soon' is not of type 'integer',True,,
malformed_invalid_json,54,400,,HTTP Error 400: Bad Request,True,,
malformed_bad_timestamp,55,200,REVOKE,"schema_incomplete:id,payload",True,,
malformed_bad_timestamp,56,200,REVOKE,"schema_incomplete:id,payload",True,,
malformed_invalid_json,57,400,,HTTP Error 400: Bad Request,True,,
malformed_missing_fields,58,200,REVOKE,"schema_incomplete:timestamp_decision,freshness_window_ms,payload",True,,
malformed_bad_timestamp,59,200,REVOKE,"schema_incomplete:id,payload",True,,
malformed_invalid_json,60,400,,HTTP Error 400: Bad Request,True,,
malformed_bad_timestamp,61,200,REVOKE,"schema_incomplete:id,payload",True,,
malformed_trailing_garbage,62,400,,HTTP Error 400: Bad Request,True,,
malformed_missing_fields,63,200,REVOKE,"schema_incomplete:timestamp_decision,freshness_window_ms,payload",True,,
malformed_trailing_garbage,64,400,,HTTP Error 400: Bad Request,True,,
malformed_missing_fields,65,200,REVOKE,"schema_incomplete:timestamp_decision,freshness_window_ms,payload",True,,
malformed_invalid_json,66,400,,HTTP Error 400: Bad Request,True,,
malformed_missing_fields,67,200,REVOKE,"schema_incomplete:timestamp_decision,freshness_window_ms,payload",True,,
malformed_missing_fields,68,200,REVOKE,"schema_incomplete:timestamp_decision,freshness_window_ms,payload",True,,
malformed_invalid_json,69,400,,HTTP Error 400: Bad Request,True,,
malformed_missing_fields,70,200,REVOKE,"schema_incomplete:timestamp_decision,freshness_window_ms,payload",True,,
malformed_bad_timestamp,71,200,REVOKE,"schema_incomplete:id,payload",True,,
malformed_wrong_types,72,200,REVOKE,schema_invalid:freshness_window_ms: 'soon' is not of type 'integer',True,,
malformed_invalid_json,73,400,,HTTP Error 400: Bad Request,True,,
malformed_wrong_types,74,200,REVOKE,schema_invalid:freshness_window_ms: 'soon' is not of type 'integer',True,,
malformed_invalid_json,75,400,,HTTP Error 400: Bad Request,True,,
malformed_invalid_json,76,400,,HTTP Error 400: Bad Request,True,,
malformed_trailing_garbage,77,400,,HTTP Error 400: Bad Request,True,,
malformed_trailing_garbage,78,400,,HTTP Error 400: Bad Request,True,,
malformed_missing_fields,79,200,REVOKE,"schema_incomplete:timestamp_decision,freshness_window_ms,payload",True,,
malformed_wrong_types,80,200,REVOKE,schema_invalid:freshness_window_ms: 'soon' is not of type 'integer',True,,
malformed_invalid_json,81,400,,HTTP Error 400: Bad Request,True,,
malformed_missing_fields,82,200,REVOKE,"schema_incomplete:timestamp_decision,freshness_window_ms,payload",True,,
malformed_bad_timestamp,83,200,REVOKE,"schema_incomplete:id,payload",True,,
malformed_invalid_json,84,400,,HTTP Error 400: Bad Request,True,,
malformed_bad_timestamp,85,200,REVOKE,"schema_incomplete:id,payload",True,,
malformed_missing_fields,86,200,REVOKE,"schema_incomplete:timestamp_decision,freshness_window_ms,payload",True,,
malformed_trailing_garbage,87,400,,HTTP Error 400: Bad Request,True,,
malformed_missing_fields,88,200,REVOKE,"schema_incomplete:timestamp_decision,freshness_window_ms,payload",True,,
malformed_bad_timestamp,89,200,REVOKE,"schema_incomplete:id,payload",True,,
malformed_invalid_json,90,400,,HTTP Error 400: Bad Request,True,,
malformed_wrong_types,91,200,REVOKE,schema_invalid:freshness_window_ms: 'soon' is not of type 'integer',True,,
malformed_missing_fields,92,200,REVOKE,"schema_incomplete:timestamp_decision,freshness_window_ms,payload",True,,
malformed_invalid_json,93,400,,HTTP Error 400: Bad Request,True,,
malformed_trailing_garbage,94,400,,HTTP Error 400: Bad Request,True,,
malformed_trailing_garbage,95,400,,HTTP Error 400: Bad Request,True,,
malformed_trailing_garbage,96,400,,HTTP Error 400: Bad Request,True,,
malformed_invalid_json,97,400,,HTTP Error 400: Bad Request,True,,
malformed_missing_fields,98,200,REVOKE,"schema_incomplete:timestamp_decision,freshness_window_ms,payload",True,,
malformed_invalid_json,99,400,,HTTP Error 400: Bad Request,True,,
false_precondition,0,,REVOKE,precondition_failed: line.state == 'MAINTENANCE',True,,
duplicate_id,0,,EXECUTE,duplicate_idempotent_replay,True,1,0
clock_skew_past,0,,REVOKE,obsolete: elapsed 603.9ms > freshness 500ms,True,,
clock_skew_future,0,,EXECUTE,published_after_gate_recheck,True,,
clock_skew_far_future,0,,REVOKE,future_skew: decision ahead by 4979.5ms > tolerance 1000ms,True,,
false_precondition,1,,REVOKE,precondition_failed: line.state == 'MAINTENANCE',True,,
duplicate_id,1,,EXECUTE,duplicate_idempotent_replay,True,1,0
clock_skew_past,1,,REVOKE,obsolete: elapsed 603.9ms > freshness 500ms,True,,
clock_skew_future,1,,EXECUTE,published_after_gate_recheck,True,,
clock_skew_far_future,1,,REVOKE,future_skew: decision ahead by 4981.3ms > tolerance 1000ms,True,,
false_precondition,2,,REVOKE,precondition_failed: line.state == 'MAINTENANCE',True,,
duplicate_id,2,,EXECUTE,duplicate_idempotent_replay,True,1,0
clock_skew_past,2,,REVOKE,obsolete: elapsed 602.5ms > freshness 500ms,True,,
clock_skew_future,2,,EXECUTE,published_after_gate_recheck,True,,
clock_skew_far_future,2,,REVOKE,future_skew: decision ahead by 4988.0ms > tolerance 1000ms,True,,
false_precondition,3,,REVOKE,precondition_failed: line.state == 'MAINTENANCE',True,,
duplicate_id,3,,EXECUTE,duplicate_idempotent_replay,True,1,0
clock_skew_past,3,,REVOKE,obsolete: elapsed 602.6ms > freshness 500ms,True,,
clock_skew_future,3,,EXECUTE,published_after_gate_recheck,True,,
clock_skew_far_future,3,,REVOKE,future_skew: decision ahead by 4988.8ms > tolerance 1000ms,True,,
false_precondition,4,,REVOKE,precondition_failed: line.state == 'MAINTENANCE',True,,
duplicate_id,4,,EXECUTE,duplicate_idempotent_replay,True,1,0
clock_skew_past,4,,REVOKE,obsolete: elapsed 603.4ms > freshness 500ms,True,,
clock_skew_future,4,,EXECUTE,published_after_gate_recheck,True,,
clock_skew_far_future,4,,REVOKE,future_skew: decision ahead by 4981.7ms > tolerance 1000ms,True,,
false_precondition,5,,REVOKE,precondition_failed: line.state == 'MAINTENANCE',True,,
duplicate_id,5,,EXECUTE,duplicate_idempotent_replay,True,1,0
clock_skew_past,5,,REVOKE,obsolete: elapsed 603.7ms > freshness 500ms,True,,
clock_skew_future,5,,EXECUTE,published_after_gate_recheck,True,,
clock_skew_far_future,5,,REVOKE,future_skew: decision ahead by 4984.2ms > tolerance 1000ms,True,,
false_precondition,6,,REVOKE,precondition_failed: line.state == 'MAINTENANCE',True,,
duplicate_id,6,,EXECUTE,duplicate_idempotent_replay,True,1,0
clock_skew_past,6,,REVOKE,obsolete: elapsed 602.9ms > freshness 500ms,True,,
clock_skew_future,6,,EXECUTE,published_after_gate_recheck,True,,
clock_skew_far_future,6,,REVOKE,future_skew: decision ahead by 4985.1ms > tolerance 1000ms,True,,
false_precondition,7,,REVOKE,precondition_failed: line.state == 'MAINTENANCE',True,,
duplicate_id,7,,EXECUTE,duplicate_idempotent_replay,True,1,0
clock_skew_past,7,,REVOKE,obsolete: elapsed 603.4ms > freshness 500ms,True,,
clock_skew_future,7,,EXECUTE,published_after_gate_recheck,True,,
clock_skew_far_future,7,,REVOKE,future_skew: decision ahead by 4979.7ms > tolerance 1000ms,True,,
false_precondition,8,,REVOKE,precondition_failed: line.state == 'MAINTENANCE',True,,
duplicate_id,8,,EXECUTE,duplicate_idempotent_replay,True,1,0
clock_skew_past,8,,REVOKE,obsolete: elapsed 606.2ms > freshness 500ms,True,,
clock_skew_future,8,,EXECUTE,published_after_gate_recheck,True,,
clock_skew_far_future,8,,REVOKE,future_skew: decision ahead by 4964.4ms > tolerance 1000ms,True,,
false_precondition,9,,REVOKE,precondition_failed: line.state == 'MAINTENANCE',True,,
duplicate_id,9,,EXECUTE,duplicate_idempotent_replay,True,1,0
clock_skew_past,9,,REVOKE,obsolete: elapsed 604.9ms > freshness 500ms,True,,
clock_skew_future,9,,EXECUTE,published_after_gate_recheck,True,,
clock_skew_far_future,9,,REVOKE,future_skew: decision ahead by 4976.3ms > tolerance 1000ms,True,,
false_precondition,10,,REVOKE,precondition_failed: line.state == 'MAINTENANCE',True,,
duplicate_id,10,,EXECUTE,duplicate_idempotent_replay,True,1,0
clock_skew_past,10,,REVOKE,obsolete: elapsed 606.6ms > freshness 500ms,True,,
clock_skew_future,10,,EXECUTE,published_after_gate_recheck,True,,
clock_skew_far_future,10,,REVOKE,future_skew: decision ahead by 4981.4ms > tolerance 1000ms,True,,
false_precondition,11,,REVOKE,precondition_failed: line.state == 'MAINTENANCE',True,,
duplicate_id,11,,EXECUTE,duplicate_idempotent_replay,True,1,0
clock_skew_past,11,,REVOKE,obsolete: elapsed 603.4ms > freshness 500ms,True,,
clock_skew_future,11,,EXECUTE,published_after_gate_recheck,True,,
clock_skew_far_future,11,,REVOKE,future_skew: decision ahead by 4986.6ms > tolerance 1000ms,True,,
false_precondition,12,,REVOKE,precondition_failed: line.state == 'MAINTENANCE',True,,
duplicate_id,12,,EXECUTE,duplicate_idempotent_replay,True,1,0
clock_skew_past,12,,REVOKE,obsolete: elapsed 604.3ms > freshness 500ms,True,,
clock_skew_future,12,,EXECUTE,published_after_gate_recheck,True,,
clock_skew_far_future,12,,REVOKE,future_skew: decision ahead by 4983.4ms > tolerance 1000ms,True,,
false_precondition,13,,REVOKE,precondition_failed: line.state == 'MAINTENANCE',True,,
duplicate_id,13,,EXECUTE,duplicate_idempotent_replay,True,1,0
clock_skew_past,13,,REVOKE,obsolete: elapsed 602.2ms > freshness 500ms,True,,
clock_skew_future,13,,EXECUTE,published_after_gate_recheck,True,,
clock_skew_far_future,13,,REVOKE,future_skew: decision ahead by 4984.5ms > tolerance 1000ms,True,,
false_precondition,14,,REVOKE,precondition_failed: line.state == 'MAINTENANCE',True,,
duplicate_id,14,,EXECUTE,duplicate_idempotent_replay,True,1,0
clock_skew_past,14,,REVOKE,obsolete: elapsed 602.5ms > freshness 500ms,True,,
clock_skew_future,14,,EXECUTE,published_after_gate_recheck,True,,
clock_skew_far_future,14,,REVOKE,future_skew: decision ahead by 4986.5ms > tolerance 1000ms,True,,
false_precondition,15,,REVOKE,precondition_failed: line.state == 'MAINTENANCE',True,,
duplicate_id,15,,EXECUTE,duplicate_idempotent_replay,True,1,0
clock_skew_past,15,,REVOKE,obsolete: elapsed 603.4ms > freshness 500ms,True,,
clock_skew_future,15,,EXECUTE,published_after_gate_recheck,True,,
clock_skew_far_future,15,,REVOKE,future_skew: decision ahead by 4985.7ms > tolerance 1000ms,True,,
false_precondition,16,,REVOKE,precondition_failed: line.state == 'MAINTENANCE',True,,
duplicate_id,16,,EXECUTE,duplicate_idempotent_replay,True,1,0
clock_skew_past,16,,REVOKE,obsolete: elapsed 603.6ms > freshness 500ms,True,,
clock_skew_future,16,,EXECUTE,published_after_gate_recheck,True,,
clock_skew_far_future,16,,REVOKE,future_skew: decision ahead by 4980.1ms > tolerance 1000ms,True,,
false_precondition,17,,REVOKE,precondition_failed: line.state == 'MAINTENANCE',True,,
duplicate_id,17,,EXECUTE,duplicate_idempotent_replay,True,1,0
clock_skew_past,17,,REVOKE,obsolete: elapsed 603.2ms > freshness 500ms,True,,
clock_skew_future,17,,EXECUTE,published_after_gate_recheck,True,,
clock_skew_far_future,17,,REVOKE,future_skew: decision ahead by 4985.6ms > tolerance 1000ms,True,,
false_precondition,18,,REVOKE,precondition_failed: line.state == 'MAINTENANCE',True,,
duplicate_id,18,,EXECUTE,duplicate_idempotent_replay,True,1,0
clock_skew_past,18,,REVOKE,obsolete: elapsed 602.7ms > freshness 500ms,True,,
clock_skew_future,18,,EXECUTE,published_after_gate_recheck,True,,
clock_skew_far_future,18,,REVOKE,future_skew: decision ahead by 4986.9ms > tolerance 1000ms,True,,
false_precondition,19,,REVOKE,precondition_failed: line.state == 'MAINTENANCE',True,,
duplicate_id,19,,EXECUTE,duplicate_idempotent_replay,True,1,0
clock_skew_past,19,,REVOKE,obsolete: elapsed 605.3ms > freshness 500ms,True,,
clock_skew_future,19,,EXECUTE,published_after_gate_recheck,True,,
clock_skew_far_future,19,,REVOKE,future_skew: decision ahead by 4980.4ms > tolerance 1000ms,True,,
false_precondition,20,,REVOKE,precondition_failed: line.state == 'MAINTENANCE',True,,
duplicate_id,20,,EXECUTE,duplicate_idempotent_replay,True,1,0
clock_skew_past,20,,REVOKE,obsolete: elapsed 603.6ms > freshness 500ms,True,,
clock_skew_future,20,,EXECUTE,published_after_gate_recheck,True,,
clock_skew_far_future,20,,REVOKE,future_skew: decision ahead by 4982.7ms > tolerance 1000ms,True,,
false_precondition,21,,REVOKE,precondition_failed: line.state == 'MAINTENANCE',True,,
duplicate_id,21,,EXECUTE,duplicate_idempotent_replay,True,1,0
clock_skew_past,21,,REVOKE,obsolete: elapsed 602.9ms > freshness 500ms,True,,
clock_skew_future,21,,EXECUTE,published_after_gate_recheck,True,,
clock_skew_far_future,21,,REVOKE,future_skew: decision ahead by 4986.4ms > tolerance 1000ms,True,,
false_precondition,22,,REVOKE,precondition_failed: line.state == 'MAINTENANCE',True,,
duplicate_id,22,,EXECUTE,duplicate_idempotent_replay,True,1,0
clock_skew_past,22,,REVOKE,obsolete: elapsed 602.3ms > freshness 500ms,True,,
clock_skew_future,22,,EXECUTE,published_after_gate_recheck,True,,
clock_skew_far_future,22,,REVOKE,future_skew: decision ahead by 4983.7ms > tolerance 1000ms,True,,
false_precondition,23,,REVOKE,precondition_failed: line.state == 'MAINTENANCE',True,,
duplicate_id,23,,EXECUTE,duplicate_idempotent_replay,True,1,0
clock_skew_past,23,,REVOKE,obsolete: elapsed 602.1ms > freshness 500ms,True,,
clock_skew_future,23,,EXECUTE,published_after_gate_recheck,True,,
clock_skew_far_future,23,,REVOKE,future_skew: decision ahead by 4986.4ms > tolerance 1000ms,True,,
false_precondition,24,,REVOKE,precondition_failed: line.state == 'MAINTENANCE',True,,
duplicate_id,24,,EXECUTE,duplicate_idempotent_replay,True,1,0
clock_skew_past,24,,REVOKE,obsolete: elapsed 602.8ms > freshness 500ms,True,,
clock_skew_future,24,,EXECUTE,published_after_gate_recheck,True,,
clock_skew_far_future,24,,REVOKE,future_skew: decision ahead by 4985.8ms > tolerance 1000ms,True,,
false_precondition,25,,REVOKE,precondition_failed: line.state == 'MAINTENANCE',True,,
duplicate_id,25,,EXECUTE,duplicate_idempotent_replay,True,1,0
clock_skew_past,25,,REVOKE,obsolete: elapsed 603.2ms > freshness 500ms,True,,
clock_skew_future,25,,EXECUTE,published_after_gate_recheck,True,,
clock_skew_far_future,25,,REVOKE,future_skew: decision ahead by 4988.0ms > tolerance 1000ms,True,,
false_precondition,26,,REVOKE,precondition_failed: line.state == 'MAINTENANCE',True,,
duplicate_id,26,,EXECUTE,duplicate_idempotent_replay,True,1,0
clock_skew_past,26,,REVOKE,obsolete: elapsed 603.3ms > freshness 500ms,True,,
clock_skew_future,26,,EXECUTE,published_after_gate_recheck,True,,
clock_skew_far_future,26,,REVOKE,future_skew: decision ahead by 4983.8ms > tolerance 1000ms,True,,
false_precondition,27,,REVOKE,precondition_failed: line.state == 'MAINTENANCE',True,,
duplicate_id,27,,EXECUTE,duplicate_idempotent_replay,True,1,0
clock_skew_past,27,,REVOKE,obsolete: elapsed 602.5ms > freshness 500ms,True,,
clock_skew_future,27,,EXECUTE,published_after_gate_recheck,True,,
clock_skew_far_future,27,,REVOKE,future_skew: decision ahead by 4985.0ms > tolerance 1000ms,True,,
false_precondition,28,,REVOKE,precondition_failed: line.state == 'MAINTENANCE',True,,
duplicate_id,28,,EXECUTE,duplicate_idempotent_replay,True,1,0
clock_skew_past,28,,REVOKE,obsolete: elapsed 603.7ms > freshness 500ms,True,,
clock_skew_future,28,,EXECUTE,published_after_gate_recheck,True,,
clock_skew_far_future,28,,REVOKE,future_skew: decision ahead by 4984.9ms > tolerance 1000ms,True,,
false_precondition,29,,REVOKE,precondition_failed: line.state == 'MAINTENANCE',True,,
duplicate_id,29,,EXECUTE,duplicate_idempotent_replay,True,1,0
clock_skew_past,29,,REVOKE,obsolete: elapsed 603.3ms > freshness 500ms,True,,
clock_skew_future,29,,EXECUTE,published_after_gate_recheck,True,,
clock_skew_far_future,29,,REVOKE,future_skew: decision ahead by 4985.2ms > tolerance 1000ms,True,,
