run,baseline,pause_ms,predicate_count,source,drifted,expected,outcome,correct,stale_executed,validation_latency_ms
0,xair,163.34,4,xr,1,REVOKE,REVOKE,1,0,0.20445301197469234
1,xair,237.56,8,mes,0,EXECUTE,EXECUTE,1,0,0.1262360019609332
2,xair,125.14,2,xr,1,REVOKE,REVOKE,1,0,0.07922900840640068
3,xair,81.75,16,ai,1,REVOKE,REVOKE,1,0,0.05620601586997509
4,xair,128.13,32,ai,0,EXECUTE,EXECUTE,1,0,0.27513597160577774
5,xair,67.36,4,ai,0,EXECUTE,EXECUTE,1,0,0.08681288454681635
6,xair,151.36,4,mes,0,EXECUTE,EXECUTE,1,0,0.07820699829608202
7,xair,246.09,4,ai,0,EXECUTE,EXECUTE,1,0,0.07212499622255564
8,xair,115.75,2,mes,0,EXECUTE,EXECUTE,1,0,0.06995105650275946
9,xair,266.65,16,mes,1,REVOKE,REVOKE,1,0,0.04918209742754698
10,xair,159.95,32,xr,1,REVOKE,REVOKE,1,0,0.06222701631486416
11,xair,328.03,4,ai,1,REVOKE,REVOKE,1,0,0.055112992413342
12,xair,223.29,8,mes,1,REVOKE,REVOKE,1,0,0.05143694579601288
13,xair,393.06,2,mes,1,REVOKE,REVOKE,1,0,0.04594610072672367
14,xair,169.72,16,xr,0,EXECUTE,EXECUTE,1,0,0.10429602116346359
15,xair,77.17,32,mes,1,REVOKE,REVOKE,1,0,0.04273105878382921
16,xair,172.56,16,mes,1,REVOKE,REVOKE,1,0,0.0700709642842412
17,xair,82.76,8,xr,1,REVOKE,REVOKE,1,0,0.05271902773529291
18,xair,295.52,32,mes,1,REVOKE,REVOKE,1,0,0.04941294901072979
19,xair,185.03,8,ai,1,REVOKE,REVOKE,1,0,0.05268899258226156
20,xair,263.82,16,ai,0,EXECUTE,EXECUTE,1,0,0.11539610568434
21,xair,95.27,4,xr,0,EXECUTE,EXECUTE,1,0,0.09078008588403463
22,xair,223.78,4,xr,0,EXECUTE,EXECUTE,1,0,0.0672750174999237
23,xair,359.18,16,mes,0,EXECUTE,EXECUTE,1,0,0.13165606651455164
24,xair,395.26,16,ai,1,REVOKE,REVOKE,1,0,0.05061493720859289
25,xair,102.95,4,ai,0,EXECUTE,EXECUTE,1,0,0.07017096504569054
26,xair,113.82,8,ai,1,REVOKE,REVOKE,1,0,0.06648502312600613
27,xair,179.24,32,xr,0,EXECUTE,EXECUTE,1,0,0.14878902584314346
28,xair,230.42,32,mes,1,REVOKE,REVOKE,1,0,0.05015404894948006
29,xair,354.84,32,xr,1,REVOKE,REVOKE,1,0,0.041007064282894135
30,xair,86.24,16,ai,1,REVOKE,REVOKE,1,0,0.04803994670510292
31,xair,123.07,4,ai,0,EXECUTE,EXECUTE,1,0,0.07095304317772388
32,xair,85.83,32,ai,1,REVOKE,REVOKE,1,0,0.03880297299474478
33,xair,177.26,2,ai,0,EXECUTE,EXECUTE,1,0,0.07935892790555954
34,xair,101.99,8,xr,1,REVOKE,REVOKE,1,0,0.06036297418177128
35,xair,92.99,16,xr,1,REVOKE,REVOKE,1,0,0.058480072766542435
36,xair,80.06,2,mes,0,EXECUTE,EXECUTE,1,0,0.06594404112547636
37,xair,217.52,4,mes,1,REVOKE,REVOKE,1,0,0.0506050419062376
38,xair,383.21,8,ai,0,EXECUTE,EXECUTE,1,0,0.0945479841902852
39,xair,315.35,8,mes,0,EXECUTE,EXECUTE,1,0,0.07225596345961094
40,xair,141.39,8,ai,0,EXECUTE,EXECUTE,1,0,0.10098994243890047
41,xair,236.41,32,xr,0,EXECUTE,EXECUTE,1,0,0.17736293375492096
42,xair,325.94,4,ai,0,EXECUTE,EXECUTE,1,0,0.09158207103610039
43,xair,129.36,32,xr,0,EXECUTE,EXECUTE,1,0,0.21119602024555206
44,xair,396.36,8,xr,1,REVOKE,REVOKE,1,0,0.06196601316332817
45,xair,261.8,8,xr,0,EXECUTE,EXECUTE,1,0,0.08580100256949663
46,xair,177.62,4,ai,1,REVOKE,REVOKE,1,0,0.054612988606095314
47,xair,168.21,16,mes,0,EXECUTE,EXECUTE,1,0,0.13105501420795918
48,xair,217.82,8,mes,0,EXECUTE,EXECUTE,1,0,0.09190093260258436
49,xair,91.97,16,mes,1,REVOKE,REVOKE,1,0,0.05520298145711422
50,xair,112.48,8,ai,1,REVOKE,REVOKE,1,0,0.04654703661799431
51,xair,310.17,2,mes,1,REVOKE,REVOKE,1,0,0.04686799366027117
52,xair,94.46,4,mes,0,EXECUTE,EXECUTE,1,0,0.08952792268246412
53,xair,101.16,32,xr,1,REVOKE,REVOKE,1,0,0.0553840072825551
54,xair,241.9,2,ai,0,EXECUTE,EXECUTE,1,0,0.056796008720993996
55,xair,376.77,16,ai,1,REVOKE,REVOKE,1,0,0.042930012568831444
56,xair,124.47,32,ai,1,REVOKE,REVOKE,1,0,0.04823098424822092
57,xair,240.52,4,ai,0,EXECUTE,EXECUTE,1,0,0.06690504960715771
58,xair,281.87,32,xr,1,REVOKE,REVOKE,1,0,0.044643995352089405
59,xair,103.14,32,ai,0,EXECUTE,EXECUTE,1,0,0.23501901887357235
60,xair,262.99,4,ai,1,REVOKE,REVOKE,1,0,0.04844099748879671
61,xair,303.82,32,ai,0,EXECUTE,EXECUTE,1,0,0.17440703231841326
62,xair,235.75,16,ai,1,REVOKE,REVOKE,1,0,0.049422960728406906
63,xair,116.96,2,ai,1,REVOKE,REVOKE,1,0,0.0602230429649353
64,xair,59.75,2,xr,0,EXECUTE,EXECUTE,1,0,0.04853098653256893
65,xair,226.94,32,ai,1,REVOKE,REVOKE,1,0,0.04296994302421808
66,xair,236.65,16,mes,0,EXECUTE,EXECUTE,1,0,0.09793299250304699
67,xair,356.79,8,mes,0,EXECUTE,EXECUTE,1,0,0.10769197251647711
68,xair,98.0,2,xr,1,REVOKE,REVOKE,1,0,0.05122600123286247
69,xair,284.9,16,ai,0,EXECUTE,EXECUTE,1,0,0.13375096023082733
70,xair,324.38,4,mes,1,REVOKE,REVOKE,1,0,0.049924012273550034
71,xair,358.99,16,ai,1,REVOKE,REVOKE,1,0,0.045816064812242985
72,xair,220.54,4,ai,0,EXECUTE,EXECUTE,1,0,0.08485896978527308
73,xair,191.33,16,ai,1,REVOKE,REVOKE,1,0,0.05220796447247267
74,xair,302.75,2,xr,1,REVOKE,REVOKE,1,0,0.04361197352409363
75,xair,296.1,16,xr,0,EXECUTE,EXECUTE,1,0,0.13128702994436026
76,xair,229.29,2,ai,0,EXECUTE,EXECUTE,1,0,0.07825600914657116
77,xair,86.67,8,xr,0,EXECUTE,EXECUTE,1,0,0.09723205585032701
78,xair,113.54,4,xr,1,REVOKE,REVOKE,1,0,0.0638799974694848
79,xair,237.81,32,mes,0,EXECUTE,EXECUTE,1,0,0.1642480492591858
80,xair,81.31,2,mes,1,REVOKE,REVOKE,1,0,0.050524016842246056
81,xair,75.34,2,mes,0,EXECUTE,EXECUTE,1,0,0.07162394467741251
82,xair,79.31,4,ai,0,EXECUTE,EXECUTE,1,0,0.061545055359601974
83,xair,208.82,8,mes,0,EXECUTE,EXECUTE,1,0,0.07191498298197985
84,xair,143.75,4,ai,0,EXECUTE,EXECUTE,1,0,0.07751502562314272
85,xair,378.34,4,xr,1,REVOKE,REVOKE,1,0,0.044422922655940056
86,xair,376.29,8,mes,1,REVOKE,REVOKE,1,0,0.04284095484763384
87,xair,225.03,4,xr,0,EXECUTE,EXECUTE,1,0,0.07419905159622431
88,xair,398.07,2,ai,0,EXECUTE,EXECUTE,1,0,0.06144598592072725
89,xair,242.87,4,mes,1,REVOKE,REVOKE,1,0,0.044572982005774975
90,xair,206.47,16,mes,0,EXECUTE,EXECUTE,1,0,0.10308297351002693
91,xair,361.05,32,xr,0,EXECUTE,EXECUTE,1,0,0.2645859494805336
92,xair,169.95,4,xr,0,EXECUTE,EXECUTE,1,0,0.10822305921465158
93,xair,342.95,2,ai,1,REVOKE,REVOKE,1,0,0.04189799074083567
94,xair,69.39,16,mes,0,EXECUTE,EXECUTE,1,0,0.10572804603725672
95,xair,292.44,2,xr,1,REVOKE,REVOKE,1,0,0.06086507346481085
96,xair,206.04,8,xr,0,EXECUTE,EXECUTE,1,0,0.07664400618523359
97,xair,241.48,4,ai,1,REVOKE,REVOKE,1,0,0.07532094605267048
98,xair,114.04,8,xr,1,REVOKE,REVOKE,1,0,0.038443016819655895
99,xair,225.97,4,ai,0,EXECUTE,EXECUTE,1,0,0.07271603681147099
