error,fault,http_status,outcome,pass,run
HTTP Error 400: Bad Request,malformed_fuzz,400,,True,0
HTTP Error 400: Bad Request,malformed_fuzz,400,,True,1
HTTP Error 400: Bad Request,malformed_fuzz,400,,True,2
,malformed_fuzz,200,REVOKE,True,3
,malformed_fuzz,200,REVOKE,True,4
,malformed_fuzz,200,REVOKE,True,5
HTTP Error 400: Bad Request,malformed_fuzz,400,,True,6
,malformed_fuzz,200,REVOKE,True,7
,malformed_fuzz,200,REVOKE,True,8
HTTP Error 400: Bad Request,malformed_fuzz,400,,True,9
HTTP Error 400: Bad Request,malformed_fuzz,400,,True,10
HTTP Error 400: Bad Request,malformed_fuzz,400,,True,11
,malformed_fuzz,200,REVOKE,True,12
,malformed_fuzz,200,REVOKE,True,13
,malformed_fuzz,200,REVOKE,True,14
HTTP Error 400: Bad Request,malformed_fuzz,400,,True,15
,malformed_fuzz,200,REVOKE,True,16
,malformed_fuzz,200,REVOKE,True,17
,malformed_fuzz,200,REVOKE,True,18
,malformed_fuzz,200,REVOKE,True,19
,malformed_fuzz,200,REVOKE,True,20
HTTP Error 400: Bad Request,malformed_fuzz,400,,True,21
,malformed_fuzz,200,REVOKE,True,22
,malformed_fuzz,200,REVOKE,True,23
HTTP Error 400: Bad Request,malformed_fuzz,400,,True,24
HTTP Error 400: Bad Request,malformed_fuzz,400,,True,25
,malformed_fuzz,200,REVOKE,True,26
,malformed_fuzz,200,REVOKE,True,27
HTTP Error 400: Bad Request,malformed_fuzz,400,,True,28
HTTP Error 400: Bad Request,malformed_fuzz,400,,True,29
HTTP Error 400: Bad Request,malformed_fuzz,400,,True,30
,malformed_fuzz,200,REVOKE,True,31
HTTP Error 400: Bad Request,malformed_fuzz,400,,True,32
HTTP Error 400: Bad Request,malformed_fuzz,400,,True,33
HTTP Error 400: Bad Request,malformed_fuzz,400,,True,34
,malformed_fuzz,200,REVOKE,True,35
HTTP Error 400: Bad Request,malformed_fuzz,400,,True,36
,malformed_fuzz,200,REVOKE,True,37
,malformed_fuzz,200,REVOKE,True,38
,malformed_fuzz,200,REVOKE,True,39
HTTP Error 400: Bad Request,malformed_fuzz,400,,True,40
,malformed_fuzz,200,REVOKE,True,41
,malformed_fuzz,200,REVOKE,True,42
,malformed_fuzz,200,REVOKE,True,43
HTTP Error 400: Bad Request,malformed_fuzz,400,,True,44
HTTP Error 400: Bad Request,malformed_fuzz,400,,True,45
,malformed_fuzz,200,REVOKE,True,46
HTTP Error 400: Bad Request,malformed_fuzz,400,,True,47
HTTP Error 400: Bad Request,malformed_fuzz,400,,True,48
,malformed_fuzz,200,REVOKE,True,49
HTTP Error 400: Bad Request,malformed_fuzz,400,,True,50
,malformed_fuzz,200,REVOKE,True,51
HTTP Error 400: Bad Request,malformed_fuzz,400,,True,52
,malformed_fuzz,200,REVOKE,True,53
HTTP Error 400: Bad Request,malformed_fuzz,400,,True,54
,malformed_fuzz,200,REVOKE,True,55
HTTP Error 400: Bad Request,malformed_fuzz,400,,True,56
HTTP Error 400: Bad Request,malformed_fuzz,400,,True,57
,malformed_fuzz,200,REVOKE,True,58
HTTP Error 400: Bad Request,malformed_fuzz,400,,True,59
HTTP Error 400: Bad Request,malformed_fuzz,400,,True,60
,malformed_fuzz,200,REVOKE,True,61
,malformed_fuzz,200,REVOKE,True,62
,malformed_fuzz,200,REVOKE,True,63
,malformed_fuzz,200,REVOKE,True,64
,malformed_fuzz,200,REVOKE,True,65
,malformed_fuzz,200,REVOKE,True,66
,malformed_fuzz,200,REVOKE,True,67
HTTP Error 400: Bad Request,malformed_fuzz,400,,True,68
,malformed_fuzz,200,REVOKE,True,69
HTTP Error 400: Bad Request,malformed_fuzz,400,,True,70
HTTP Error 400: Bad Request,malformed_fuzz,400,,True,71
,malformed_fuzz,200,REVOKE,True,72
HTTP Error 400: Bad Request,malformed_fuzz,400,,True,73
HTTP Error 400: Bad Request,malformed_fuzz,400,,True,74
,malformed_fuzz,200,REVOKE,True,75
HTTP Error 400: Bad Request,malformed_fuzz,400,,True,76
HTTP Error 400: Bad Request,malformed_fuzz,400,,True,77
,malformed_fuzz,200,REVOKE,True,78
,malformed_fuzz,200,REVOKE,True,79
HTTP Error 400: Bad Request,malformed_fuzz,400,,True,80
,malformed_fuzz,200,REVOKE,True,81
,malformed_fuzz,200,REVOKE,True,82
,malformed_fuzz,200,REVOKE,True,83
,malformed_fuzz,200,REVOKE,True,84
,malformed_fuzz,200,REVOKE,True,85
HTTP Error 400: Bad Request,malformed_fuzz,400,,True,86
,malformed_fuzz,200,REVOKE,True,87
,malformed_fuzz,200,REVOKE,True,88
,malformed_fuzz,200,REVOKE,True,89
HTTP Error 400: Bad Request,malformed_fuzz,400,,True,90
,malformed_fuzz,200,REVOKE,True,91
,malformed_fuzz,200,REVOKE,True,92
HTTP Error 400: Bad Request,malformed_fuzz,400,,True,93
,malformed_fuzz,200,REVOKE,True,94
,malformed_fuzz,200,REVOKE,True,95
,malformed_fuzz,200,REVOKE,True,96
HTTP Error 400: Bad Request,malformed_fuzz,400,,True,97
HTTP Error 400: Bad Request,malformed_fuzz,400,,True,98
HTTP Error 400: Bad Request,malformed_fuzz,400,,True,99
,duplicate_id,,EXECUTE,True,0
,clock_skew_past,,REVOKE,True,0
,clock_skew_future,,EXECUTE,True,0
,clock_skew_far_future,,REVOKE,True,0
,duplicate_id,,EXECUTE,True,1
,clock_skew_past,,REVOKE,True,1
,clock_skew_future,,EXECUTE,True,1
,clock_skew_far_future,,REVOKE,True,1
,duplicate_id,,EXECUTE,True,2
,clock_skew_past,,REVOKE,True,2
,clock_skew_future,,EXECUTE,True,2
,clock_skew_far_future,,REVOKE,True,2
,duplicate_id,,EXECUTE,True,3
,clock_skew_past,,REVOKE,True,3
,clock_skew_future,,EXECUTE,True,3
,clock_skew_far_future,,REVOKE,True,3
,duplicate_id,,EXECUTE,True,4
,clock_skew_past,,REVOKE,True,4
,clock_skew_future,,EXECUTE,True,4
,clock_skew_far_future,,REVOKE,True,4
,duplicate_id,,EXECUTE,True,5
,clock_skew_past,,REVOKE,True,5
,clock_skew_future,,EXECUTE,True,5
,clock_skew_far_future,,REVOKE,True,5
,duplicate_id,,EXECUTE,True,6
,clock_skew_past,,REVOKE,True,6
,clock_skew_future,,EXECUTE,True,6
,clock_skew_far_future,,REVOKE,True,6
,duplicate_id,,EXECUTE,True,7
,clock_skew_past,,REVOKE,True,7
,clock_skew_future,,EXECUTE,True,7
,clock_skew_far_future,,REVOKE,True,7
,duplicate_id,,EXECUTE,True,8
,clock_skew_past,,REVOKE,True,8
,clock_skew_future,,EXECUTE,True,8
,clock_skew_far_future,,REVOKE,True,8
,duplicate_id,,EXECUTE,True,9
,clock_skew_past,,REVOKE,True,9
,clock_skew_future,,EXECUTE,True,9
,clock_skew_far_future,,REVOKE,True,9
,duplicate_id,,EXECUTE,True,10
,clock_skew_past,,REVOKE,True,10
,clock_skew_future,,EXECUTE,True,10
,clock_skew_far_future,,REVOKE,True,10
,duplicate_id,,EXECUTE,True,11
,clock_skew_past,,REVOKE,True,11
,clock_skew_future,,EXECUTE,True,11
,clock_skew_far_future,,REVOKE,True,11
,duplicate_id,,EXECUTE,True,12
,clock_skew_past,,REVOKE,True,12
,clock_skew_future,,EXECUTE,True,12
,clock_skew_far_future,,REVOKE,True,12
,duplicate_id,,EXECUTE,True,13
,clock_skew_past,,REVOKE,True,13
,clock_skew_future,,EXECUTE,True,13
,clock_skew_far_future,,REVOKE,True,13
,duplicate_id,,EXECUTE,True,14
,clock_skew_past,,REVOKE,True,14
,clock_skew_future,,EXECUTE,True,14
,clock_skew_far_future,,REVOKE,True,14
,duplicate_id,,EXECUTE,True,15
,clock_skew_past,,REVOKE,True,15
,clock_skew_future,,EXECUTE,True,15
,clock_skew_far_future,,REVOKE,True,15
,duplicate_id,,EXECUTE,True,16
,clock_skew_past,,REVOKE,True,16
,clock_skew_future,,EXECUTE,True,16
,clock_skew_far_future,,REVOKE,True,16
,duplicate_id,,EXECUTE,True,17
,clock_skew_past,,REVOKE,True,17
,clock_skew_future,,EXECUTE,True,17
,clock_skew_far_future,,REVOKE,True,17
,duplicate_id,,EXECUTE,True,18
,clock_skew_past,,REVOKE,True,18
,clock_skew_future,,EXECUTE,True,18
,clock_skew_far_future,,REVOKE,True,18
,duplicate_id,,EXECUTE,True,19
,clock_skew_past,,REVOKE,True,19
,clock_skew_future,,EXECUTE,True,19
,clock_skew_far_future,,REVOKE,True,19
,duplicate_id,,EXECUTE,True,20
,clock_skew_past,,REVOKE,True,20
,clock_skew_future,,EXECUTE,True,20
,clock_skew_far_future,,REVOKE,True,20
,duplicate_id,,EXECUTE,True,21
,clock_skew_past,,REVOKE,True,21
,clock_skew_future,,EXECUTE,True,21
,clock_skew_far_future,,REVOKE,True,21
,duplicate_id,,EXECUTE,True,22
,clock_skew_past,,REVOKE,True,22
,clock_skew_future,,EXECUTE,True,22
,clock_skew_far_future,,REVOKE,True,22
,duplicate_id,,EXECUTE,True,23
,clock_skew_past,,REVOKE,True,23
,clock_skew_future,,EXECUTE,True,23
,clock_skew_far_future,,REVOKE,True,23
,duplicate_id,,EXECUTE,True,24
,clock_skew_past,,REVOKE,True,24
,clock_skew_future,,EXECUTE,True,24
,clock_skew_far_future,,REVOKE,True,24
,duplicate_id,,EXECUTE,True,25
,clock_skew_past,,REVOKE,True,25
,clock_skew_future,,EXECUTE,True,25
,clock_skew_far_future,,REVOKE,True,25
,duplicate_id,,EXECUTE,True,26
,clock_skew_past,,REVOKE,True,26
,clock_skew_future,,EXECUTE,True,26
,clock_skew_far_future,,REVOKE,True,26
,duplicate_id,,EXECUTE,True,27
,clock_skew_past,,REVOKE,True,27
,clock_skew_future,,EXECUTE,True,27
,clock_skew_far_future,,REVOKE,True,27
,duplicate_id,,EXECUTE,True,28
,clock_skew_past,,REVOKE,True,28
,clock_skew_future,,EXECUTE,True,28
,clock_skew_far_future,,REVOKE,True,28
,duplicate_id,,EXECUTE,True,29
,clock_skew_past,,REVOKE,True,29
,clock_skew_future,,EXECUTE,True,29
,clock_skew_far_future,,REVOKE,True,29
