run,mode,inject,inject_offset_ms,publish_delay_ms,injection_window,gateway_released,gate_blocked,stale_publish,potential_stale_publish,post_release_invalidation,injection_version,check_version,version_order,stale_exact,position_vs_middleware,residual_lo_ms,residual_hi_ms,t_middleware_ms,store_io_lo_ms,store_io_hi_ms,injection_store_lo_ms,injection_store_hi_ms,commit_status,commit_age_ms,outcome,reason,validation_to_gate_ms,validation_to_publish_ms,recheck_to_publish_ms,t_validate_end_ms,t_injection_start_ms,t_injection_end_ms,t_recheck_start_ms,t_recheck_end_ms,t_publish_end_ms
0,xair_atomic,0,,0.0,control,1,0,0,0,0,,211,control,0,,3.60932108014822,17.91605120524764,37.16420102864504,19.248149823397398,33.55487994849682,,,committed,38.034912109375,EXECUTE,authorization_committed,28.84279889985919,28.859770856797695,0.016971956938505173,8.31671291962266,,,8.325678762048483,37.15951181948185,37.176483776420355
1,xair_atomic,0,,0.0,control,1,0,0,0,0,,212,control,0,,3.9649480022490025,6.880547851324081,30.534393154084682,23.6538453027606,26.56944515183568,,,committed,35.263916015625,EXECUTE,authorization_committed,14.163000043481588,14.18004184961319,0.017041806131601334,16.366854310035706,,,16.376092098653316,30.529854353517294,30.546896159648895
2,xair_atomic,1,0.0,0.0,concurrent,1,0,0,0,1,214,213,after_check,0,after_middleware,1.854760106652975,7.265991065651178,24.79389403015375,17.527902964502573,22.939133923500776,33.56723301112652,39.80976389721036,committed,27.169921875,EXECUTE,authorization_committed,11.287756264209747,11.303245089948177,0.015488825738430023,13.502662070095539,13.730589300394058,47.20785329118371,14.025573153048754,24.790418334305286,24.805907160043716
3,xair_atomic,1,0.0,0.0,concurrent,0,1,0,0,0,216,216,before_check,0,,,,,36.80942486971617,39.42838776856661,30.768862925469875,33.797533717006445,changed,47.64892578125,REVOKE,read_set_version_changed_at_commit,26.996706146746874,,,16.054067760705948,16.20555156841874,37.68021799623966,16.387232579290867,43.05077390745282,
4,xair_atomic,1,0.0,0.0,concurrent,1,0,0,0,1,218,217,after_check,0,after_middleware,3.9557707495987415,8.991237729787827,27.79042487964034,18.799187149852514,23.8346541300416,36.89127787947655,40.0991658680141,committed,29.64794921875,EXECUTE,authorization_committed,13.676126021891832,13.690783642232418,0.014657620340585709,14.11101222038269,14.309063088148832,50.74381502345204,14.535307884216309,27.787138242274523,27.80179586261511
5,xair_atomic,1,0.0,0.0,concurrent,0,1,0,0,0,220,220,before_check,0,,,,,46.00917408242822,50.64675398170948,34.597966354340315,39.70172116532922,changed,60.056884765625,REVOKE,read_set_version_changed_at_commit,38.48778363317251,,,15.52758039906621,15.655210241675377,49.3895853869617,15.877967234700918,54.01536403223872,
6,xair_atomic,1,0.0,0.0,concurrent,1,0,0,0,1,222,221,after_check,0,after_middleware,2.5297561660408974,8.233004715293646,31.81291138753295,23.579906672239304,29.283155221492052,37.9315703175962,44.89002423360944,committed,35.376953125,EXECUTE,authorization_committed,14.933375176042318,14.956568367779255,0.02319319173693657,16.873043961822987,17.039115075021982,50.110087264329195,17.24346913397312,31.806419137865305,31.82961232960224
7,xair_atomic,1,0.0,0.0,concurrent,0,1,0,0,0,224,224,before_check,0,,,,,44.340203050523996,49.96262025088072,32.072318252176046,39.686973206698895,changed,56.172119140625,REVOKE,read_set_version_changed_at_commit,36.427478305995464,,,14.51988983899355,14.801717828959227,46.06036003679037,15.109295025467873,50.947368144989014,
8,xair_atomic,1,0.0,0.0,concurrent,1,0,0,0,1,226,225,after_check,0,after_middleware,0.9707608260214329,4.779356066137552,20.90186206623912,16.122506000101566,19.931101240217686,30.00503033399582,35.47852812334895,committed,26.455078125,EXECUTE,authorization_committed,8.510465268045664,8.52646492421627,0.015999656170606613,12.388091068714857,12.507505249232054,40.81602208316326,12.745832093060017,20.89855633676052,20.914555992931128
9,xair_atomic,0,,0.0,control,1,0,0,0,0,,227,control,0,,2.259118016809225,6.418650969862938,28.700923081487417,22.28227211162448,26.441805064678192,,,committed,34.154052734375,EXECUTE,authorization_committed,15.033002942800522,15.050394926220179,0.017391983419656754,13.663362246006727,,,13.669714331626892,28.69636518880725,28.713757172226906
10,xair_atomic,1,0.0,0.0,concurrent,0,1,0,0,0,229,229,before_check,0,,,,,37.719231098890305,44.1387640312314,25.84446407854557,32.65878837555647,changed,48.593994140625,REVOKE,read_set_version_changed_at_commit,37.28014696389437,,,10.628379415720701,10.877556167542934,38.893514312803745,11.182258371263742,47.90852637961507,
11,xair_atomic,1,0.0,0.0,concurrent,1,0,0,0,1,231,230,after_check,0,after_middleware,1.1127176694571972,7.704232819378376,34.61255365982652,26.90832084044814,33.49983599036932,41.36296780779958,44.74742664024234,committed,36.968017578125,EXECUTE,authorization_committed,15.342262107878923,15.357880853116512,0.015618745237588882,19.266584888100624,19.406036008149385,51.569665782153606,19.647448789328337,34.60884699597955,34.624465741217136
12,xair_atomic,1,0.0,0.0,concurrent,1,0,0,0,1,233,232,after_check,0,after_middleware,0.8901502005755901,7.064123172312975,27.804231271147728,20.740108098834753,26.914081070572138,35.033422987908125,39.70121033489704,committed,34.181884765625,EXECUTE,authorization_committed,13.828412164002657,13.84324999526143,0.014837831258773804,13.972312211990356,14.154804404824972,46.02224798873067,14.351062010973692,27.800724375993013,27.815562207251787
13,xair_atomic,1,0.0,0.0,concurrent,1,0,0,0,1,235,234,after_check,0,after_middleware,2.9521980322897434,7.521620951592922,30.258895829319954,22.73727487772703,27.30669779703021,35.0719247944653,37.323548924177885,committed,34.43408203125,EXECUTE,authorization_committed,13.994093984365463,14.009371865540743,0.015277881175279617,16.26080507412553,16.355072148144245,44.89271901547909,16.474485863000154,30.25489905849099,30.27017693966627
14,xair_atomic,0,,0.0,control,1,0,0,0,0,,236,control,0,,0.5831336602568626,3.5595279186964035,23.87019107118249,20.310663152486086,23.287057410925627,,,committed,28.658935546875,EXECUTE,authorization_committed,9.615449234843254,9.629805106669664,0.014355871826410294,14.251476153731346,,,14.25898028537631,23.8669253885746,23.88128126040101
15,xair_atomic,0,,0.0,control,1,0,0,0,0,,237,control,0,,1.984924077987671,6.252169143408537,26.336518116295338,20.0843489728868,24.351594038307667,,,committed,29.072998046875,EXECUTE,authorization_committed,14.22248175367713,14.233001973479986,0.010520219802856445,12.111551128327847,,,12.116501107811928,26.334032882004976,26.344553101807833
16,xair_atomic,1,0.0,0.0,concurrent,1,0,0,0,1,239,238,after_check,0,after_middleware,0.9015509858727455,5.154338665306568,24.36341578140855,19.20907711610198,23.461864795535803,32.672114204615355,37.34267596155405,committed,31.447998046875,EXECUTE,authorization_committed,11.22947596013546,11.240055784583092,0.010579824447631836,13.131325133144855,13.215713202953339,41.497791185975075,13.315750751644373,24.360801093280315,24.371380917727947
17,xair_atomic,1,0.0,0.0,concurrent,1,0,0,0,1,241,240,after_check,0,after_middleware,3.060661256313324,7.400784175843,31.743320170789957,24.342535994946957,28.682658914476633,40.98321404308081,43.00314420834184,committed,30.501953125,EXECUTE,authorization_committed,13.586367946118116,13.599051628261805,0.012683682143688202,18.15367629751563,18.23988789692521,51.04189505800605,18.343892879784107,31.740044243633747,31.752727925777435
18,xair_atomic,1,0.0,0.0,concurrent,0,1,0,0,0,243,243,before_check,0,,,,,38.29507203772664,43.17661002278328,29.748267959803343,33.0078131519258,changed,46.43798828125,REVOKE,read_set_version_changed_at_commit,31.83096507564187,,,13.014776166528463,13.129501137882471,40.16755521297455,13.225100934505463,44.845741242170334,
19,xair_atomic,1,0.0,0.0,concurrent,0,1,0,0,0,245,245,before_check,0,,,,,35.700663924217224,40.09949695318937,28.806079644709826,32.916280906647444,changed,47.532958984375,REVOKE,read_set_version_changed_at_commit,34.33807799592614,,,9.031432680785656,9.107836056500673,37.513975985348225,9.2000188305974,43.3695106767118,
20,xair_atomic,1,0.0,0.0,concurrent,0,1,0,0,0,247,247,before_check,0,,,,,42.105068918317556,48.32854447886348,31.456822995096445,34.493539948016405,changed,52.176025390625,REVOKE,read_set_version_changed_at_commit,34.063913859426975,,,16.477051191031933,16.555387992411852,45.76999507844448,16.6513379663229,50.54096505045891,
21,xair_atomic,1,0.0,0.0,concurrent,1,0,0,0,1,249,248,after_check,0,after_middleware,0.6445487961173058,6.009874865412712,28.15559972077608,22.14572485536337,27.511050924658775,34.79091776534915,38.71584078297019,committed,34.906982421875,EXECUTE,authorization_committed,11.630249209702015,11.642191093415022,0.011941883713006973,16.523136757314205,16.73331204801798,46.198257710784674,17.045647837221622,28.15338596701622,28.165327850729227
22,xair_atomic,1,0.0,0.0,concurrent,0,1,0,0,0,251,251,before_check,0,,,,,37.6319270581007,42.35778283327818,30.018735211342573,34.51599180698395,changed,43.7919921875,REVOKE,read_set_version_changed_at_commit,28.26591720804572,,,16.856141854077578,16.93566096946597,39.69037905335426,17.029196955263615,45.1220590621233,
23,xair_atomic,1,0.0,0.0,concurrent,1,0,0,0,1,253,252,after_check,0,after_middleware,1.269221305847168,3.7384340539574623,17.968289088457823,14.22985503450036,16.699067782610655,21.8121400102973,27.779914904385805,committed,22.737060546875,EXECUTE,authorization_committed,9.412989020347595,9.421204216778278,0.008215196430683136,8.553365711122751,8.71754391118884,31.629927922040224,8.969617076218128,17.966354731470346,17.97456992790103
24,xair_atomic,0,,0.0,control,1,0,0,0,0,,254,control,0,,2.1140961907804012,6.112838163971901,27.113374788314104,21.000536624342203,24.999278597533703,,,committed,34.47412109375,EXECUTE,authorization_committed,13.143768068403006,13.15368665382266,0.009918585419654846,13.967562932521105,,,13.972101733088493,27.11133100092411,27.121249586343765
25,xair_atomic,1,0.0,0.0,concurrent,1,0,0,0,1,256,255,after_check,0,after_middleware,1.5908852219581604,2.907034009695053,21.276053972542286,18.369019962847233,19.685168750584126,30.055814888328314,32.80577389523387,committed,25.5869140625,EXECUTE,authorization_committed,9.716808795928955,9.731146041303873,0.014337245374917984,11.554916854947805,11.684861034154892,39.84602075070143,11.811988893896341,21.27172565087676,21.28606289625168
26,xair_atomic,1,0.0,0.0,concurrent,0,1,0,0,0,258,258,before_check,0,,,,,31.23175073415041,35.60431394726038,22.434778045862913,26.02390106767416,changed,43.52197265625,REVOKE,read_set_version_changed_at_commit,28.4048980101943,,,9.048514999449253,9.135548956692219,33.84569473564625,9.24598565325141,37.453413009643555,
27,xair_atomic,1,0.0,0.0,concurrent,0,1,0,0,0,260,260,before_check,0,,,,,29.60435813292861,32.33282687142491,23.85634509846568,27.008709032088518,changed,40.537109375,REVOKE,read_set_version_changed_at_commit,21.88566792756319,,,12.430149130523205,12.59880606085062,31.600022222846746,12.780837249010801,34.315817058086395,
28,xair_atomic,0,,0.0,control,1,0,0,0,0,,261,control,0,,2.2819209843873978,7.070314139127731,23.92565505579114,16.85534091666341,21.643734071403742,,,committed,26.179931640625,EXECUTE,authorization_committed,11.132393963634968,11.144286952912807,0.01189298927783966,12.790414970368147,,,12.796055059880018,23.922808934003115,23.934701923280954
29,xair_atomic,1,0.0,0.0,concurrent,0,1,0,0,0,263,263,before_check,0,,,,,34.587686881423,40.15948995947838,24.838487152010202,29.725404921919107,changed,46.60302734375,REVOKE,read_set_version_changed_at_commit,31.89618792384863,,,10.289984289556742,10.4172732681036,35.997722297906876,10.537027847021818,42.18617221340537,
30,xair_atomic,0,,0.0,control,1,0,0,0,0,,264,control,0,,3.5495590418577194,8.662670850753784,31.69196378439665,23.029292933642864,28.14240474253893,,,committed,33.81103515625,EXECUTE,authorization_committed,17.602181993424892,17.615025863051414,0.012843869626522064,14.086326118558645,,,14.093419071286917,31.688508111983538,31.70135198161006
31,xair_atomic,1,0.0,0.0,concurrent,0,1,0,0,0,266,266,before_check,0,,,,,37.25364897400141,42.55206882953644,26.824824046343565,30.040335841476917,changed,48.574951171875,REVOKE,read_set_version_changed_at_commit,32.60409599170089,,,12.747114058583975,12.828066013753414,39.40739901736379,12.933684047311544,45.35121005028486,
32,xair_atomic,1,0.0,0.0,concurrent,1,0,0,0,1,268,267,after_check,0,after_middleware,3.6813663318753242,6.429731845855713,25.81233438104391,19.382602535188198,22.130968049168587,31.843509059399366,36.23969620093703,committed,24.193115234375,EXECUTE,authorization_committed,11.067121755331755,11.081769596785307,0.014647841453552246,14.74203635007143,14.82037315145135,43.790942057967186,14.925010036677122,25.809158105403185,25.823805946856737
33,xair_atomic,1,0.0,0.0,concurrent,0,1,0,0,0,270,270,before_check,0,,,,,32.23200794309378,37.58368827402592,24.10204615443945,26.923790108412504,changed,43.201904296875,REVOKE,read_set_version_changed_at_commit,29.590141028165817,,,10.067496914416552,10.14450192451477,32.86381298676133,10.239690076559782,39.65763794258237,
34,xair_atomic,1,0.0,0.0,concurrent,0,1,0,0,0,272,272,before_check,0,,,,,42.16433083638549,45.793209224939346,33.096740022301674,35.99414601922035,changed,50.23095703125,REVOKE,read_set_version_changed_at_commit,33.36625499650836,,,14.623955357819796,14.809994027018547,44.173951260745525,15.101300086826086,47.990210354328156,
35,xair_atomic,1,0.0,0.0,concurrent,0,1,0,0,0,274,274,before_check,0,,,,,43.06340729817748,49.27859688177705,30.349675565958023,36.96810221299529,changed,51.679931640625,REVOKE,read_set_version_changed_at_commit,39.0774798579514,,,12.289565056562424,12.403028085827827,47.35736222937703,12.516841292381287,51.367044914513826,
36,xair_atomic,1,0.0,0.0,concurrent,1,0,0,0,1,276,275,after_check,0,after_middleware,2.823085989803076,10.962535627186298,29.693294782191515,18.730759155005217,26.87020879238844,30.973596032708883,34.666834864765406,committed,28.51708984375,EXECUTE,authorization_committed,16.664864029735327,16.68006181716919,0.015197787433862686,13.024764135479927,13.299169018864632,41.12829687073827,13.581058010458946,29.689628165215254,29.704825952649117
37,xair_atomic,0,,0.0,control,1,0,0,0,0,,277,control,0,,1.3435310684144497,4.623733926564455,24.26661504432559,19.642881117761135,22.92308397591114,,,committed,28.73388671875,EXECUTE,authorization_committed,10.72208397090435,10.736210737377405,0.014126766473054886,13.540012296289206,,,13.54649430140853,24.262096267193556,24.27622303366661
38,xair_atomic,0,,0.0,control,1,0,0,0,0,,278,control,0,,2.073730807751417,8.392164018005133,33.52497285231948,25.132808834314346,31.451242044568062,,,committed,36.80810546875,EXECUTE,authorization_committed,19.626067951321602,19.64002475142479,0.013956800103187561,13.894977048039436,,,13.900636695325375,33.52104499936104,33.535001799464226
39,xair_atomic,1,0.0,0.0,concurrent,0,1,0,0,0,280,280,before_check,0,,,,,42.514147236943245,45.431239530444145,33.43398217111826,37.83238399773836,changed,52.2080078125,REVOKE,read_set_version_changed_at_commit,30.713679268956184,,,17.051057890057564,17.16241706162691,44.18703494593501,17.295496072620153,47.76473715901375,
40,xair_atomic,1,1.0,0.0,concurrent,1,0,0,0,1,282,281,after_check,0,after_middleware,3.6046127788722515,5.976282060146332,23.995836731046438,18.019554670900106,20.391223952174187,24.27291590720415,28.030024841427803,committed,27.634033203125,EXECUTE,authorization_committed,12.316185049712658,12.332015205174685,0.015830155462026596,11.675102636218071,12.937911786139011,33.220762852579355,11.898381635546684,23.99128768593073,24.007117841392756
41,xair_atomic,0,,0.0,control,1,0,0,0,0,,283,control,0,,2.4525211192667484,6.817290093749762,26.627233251929283,19.80994315817952,24.174712132662535,,,committed,32.467041015625,EXECUTE,authorization_committed,12.900401372462511,12.920268345624208,0.019866973161697388,13.721671886742115,,,13.730488251894712,26.622073259204626,26.641940232366323
42,xair_atomic,0,,0.0,control,1,0,0,0,0,,284,control,0,,0.6059459410607815,2.1355259232223034,25.10622888803482,22.970702964812517,24.50028294697404,,,committed,32.1220703125,EXECUTE,authorization_committed,12.83225417137146,12.84649083390832,0.014236662536859512,12.27051904425025,,,12.277842964977026,25.10277321562171,25.11700987815857
43,xair_atomic,1,1.0,0.0,concurrent,1,0,0,0,1,286,285,after_check,0,after_middleware,0.7714768871665001,5.673263221979141,27.356121223419905,21.682858001440763,26.584644336253405,35.10977700352669,39.90574413910508,committed,32.783935546875,EXECUTE,authorization_committed,13.966572005301714,13.985387049615383,0.018815044313669205,13.384649995714426,14.717510901391506,47.52657096832991,13.670386280864477,27.35122200101614,27.37003704532981
44,xair_atomic,0,,0.0,control,1,0,0,0,0,,287,control,0,,2.070825081318617,5.0957901403307915,26.428619865328074,21.332829724997282,24.357794784009457,,,committed,28.77099609375,EXECUTE,authorization_committed,11.361964978277683,11.386842001229525,0.024877022951841354,15.060242731124163,,,15.088065061718225,26.422207709401846,26.447084732353687
45,xair_atomic,0,,0.0,control,1,0,0,0,0,,288,control,0,,2.03724205493927,6.118599325418472,26.090216357260942,19.97161703184247,24.052974302321672,,,committed,29.16796875,EXECUTE,authorization_committed,10.710604023188353,10.72714477777481,0.016540754586458206,15.376346185803413,,,15.384983271360397,26.086950208991766,26.103490963578224
46,xair_atomic,1,1.0,0.0,concurrent,0,1,0,0,0,290,290,before_check,0,,,,,34.881066996604204,37.68290299922228,30.83414537832141,32.528463285416365,changed,44.2529296875,REVOKE,read_set_version_changed_at_commit,21.727670915424824,,,17.784043215215206,19.04575014486909,36.91693628206849,18.000539392232895,39.51171413064003,
47,xair_atomic,1,1.0,0.0,concurrent,1,0,0,0,1,292,291,after_check,0,after_middleware,2.3863366805016994,7.501123007386923,26.21882688254118,18.717703875154257,23.83249020203948,30.36416321992874,34.21824425458908,committed,28.31494140625,EXECUTE,authorization_committed,15.222568064928055,15.23701474070549,0.014446675777435303,10.991961229592562,12.27232301607728,41.543345898389816,11.231921147555113,26.214529294520617,26.228975970298052
48,xair_atomic,1,1.0,0.0,concurrent,1,0,0,0,1,294,293,after_check,0,after_middleware,0.3698938526213169,4.900171887129545,28.143227100372314,23.24305521324277,27.773333247750998,38.56989787891507,41.380851063877344,committed,35.778076171875,EXECUTE,authorization_committed,9.275680873543024,9.293092880398035,0.017412006855010986,18.86301813647151,20.024136174470186,46.06687230989337,18.969227094203234,28.138699010014534,28.156111016869545
49,xair_atomic,1,1.0,0.0,concurrent,1,0,0,0,1,296,295,after_check,0,after_middleware,1.1545759625732899,7.2559332475066185,31.800298020243645,24.544364772737026,30.645722057670355,35.629781894385815,43.44639601185918,committed,37.1630859375,EXECUTE,authorization_committed,16.852885950356722,16.868304926902056,0.015418976545333862,14.944094698876143,16.209980007261038,49.74445095285773,15.170459635555744,31.796980649232864,31.8123996257782
50,xair_atomic,1,1.0,0.0,concurrent,0,1,0,0,0,298,298,before_check,0,,,,,37.51249331980944,44.02268771082163,31.466831918805838,35.03061691299081,changed,48.800048828125,REVOKE,read_set_version_changed_at_commit,28.666749130934477,,,19.611700903624296,20.90868493542075,37.668316159397364,19.84321605414152,48.27845003455877,
51,xair_atomic,1,1.0,0.0,concurrent,0,1,0,0,0,300,300,before_check,0,,,,,38.50056789815426,45.58767285197973,27.5173531845212,32.29231107980013,changed,46.64208984375,REVOKE,read_set_version_changed_at_commit,35.372930113226175,,,12.515639886260033,13.685435056686401,40.69293104112148,12.632418889552355,47.88856999948621,
52,xair_atomic,0,,0.0,control,1,0,0,0,0,,301,control,0,,2.886686008423567,5.623860750347376,22.095411084592342,16.471550334244967,19.208725076168776,,,committed,27.4619140625,EXECUTE,authorization_committed,11.041234247386456,11.073704808950424,0.03247056156396866,11.047805193811655,,,11.057524010539055,22.08903944119811,22.12151000276208
53,xair_atomic,1,1.0,0.0,concurrent,1,0,0,0,1,303,302,after_check,0,after_middleware,2.4088481441140175,6.436414085328579,30.18843289464712,23.752018809318542,27.779584750533104,37.52295300364494,42.73922881111503,committed,33.597900390625,EXECUTE,authorization_committed,14.698544051498175,14.719414059072733,0.020870007574558258,15.484568662941456,16.84615295380354,50.40013091638684,15.799068845808506,30.18311271443963,30.20398272201419
54,xair_atomic,1,1.0,0.0,concurrent,1,0,0,0,1,305,304,after_check,0,after_middleware,2.973448019474745,4.861278925091028,25.12910170480609,20.26782277971506,22.155653685331345,30.362840741872787,35.56225495412946,committed,29.843017578125,EXECUTE,authorization_committed,11.735465843230486,11.748549994081259,0.013084150850772858,13.390089850872755,14.639693778008223,43.28976199030876,13.595184776932001,25.12555569410324,25.138639844954014
55,xair_atomic,1,1.0,0.0,concurrent,1,0,0,0,1,307,306,after_check,0,after_middleware,3.3803917467594147,9.351123124361038,28.151181992143393,18.800058867782354,24.770790245383978,31.52408916503191,37.90777502581477,committed,32.080078125,EXECUTE,authorization_committed,14.962920919060707,14.975463971495628,0.012543052434921265,13.185475952923298,14.436943922191858,43.009987100958824,13.388126157224178,28.148396871984005,28.160939924418926
56,xair_atomic,1,1.0,0.0,concurrent,1,0,0,0,1,309,308,after_check,0,after_middleware,2.25740484893322,7.022153120487928,28.228275943547487,21.20612282305956,25.970871094614267,33.954438753426075,36.525812931358814,committed,32.840087890625,EXECUTE,authorization_committed,13.648835010826588,13.664003927260637,0.015168916434049606,14.57524299621582,15.753033105283976,42.52028791233897,14.70054779201746,28.224078007042408,28.239246923476458
57,xair_atomic,1,1.0,0.0,concurrent,1,0,0,0,1,311,310,after_check,0,after_middleware,2.8877672739326954,8.824483957141638,29.50823726132512,20.683753304183483,26.620469987392426,32.48943015933037,37.95959195122123,committed,31.77197265625,EXECUTE,authorization_committed,15.83170983940363,15.84644801914692,0.014738179743289948,13.672009110450745,14.892267994582653,43.690203223377466,13.848971109837294,29.503718949854374,29.518457129597664
58,xair_atomic,1,1.0,0.0,concurrent,1,0,0,0,1,313,312,after_check,0,after_middleware,1.3987538404762745,6.217322777956724,25.984556879848242,19.767234101891518,24.585803039371967,34.83316721394658,41.305520106107,committed,30.986083984375,EXECUTE,authorization_committed,12.13975390419364,12.15479290112853,0.015038996934890747,13.840515166521072,14.981796033680439,45.71844823658466,13.928510248661041,25.980269070714712,25.995308067649603
59,xair_atomic,1,1.0,0.0,concurrent,1,0,0,0,1,315,314,after_check,0,after_middleware,3.7883068434894085,7.482166867703199,28.12735689803958,20.64519003033638,24.33905005455017,34.176304936409,38.88744302093983,committed,28.9990234375,EXECUTE,authorization_committed,14.185262378305197,14.203095342963934,0.017832964658737183,13.93779693171382,15.13176690787077,49.48883131146431,14.07297095283866,28.123059310019016,28.140892274677753
60,xair_atomic,1,1.0,0.0,concurrent,1,0,0,0,1,317,316,after_check,0,after_middleware,2.189416904002428,7.035598158836365,29.470225796103477,22.434627637267113,27.28080889210105,36.21059097349644,40.80725461244583,committed,33.89111328125,EXECUTE,authorization_committed,15.37423301488161,15.386615879833698,0.012382864952087402,14.092947822064161,15.230301767587662,50.17463769763708,14.17752681300044,29.467180836945772,29.47956370189786
61,xair_atomic,1,1.0,0.0,concurrent,1,0,0,0,1,319,318,after_check,0,after_middleware,2.750460058450699,6.720558274537325,23.876392282545567,17.15583400800824,21.125932224094868,28.863849118351936,32.34216431155801,committed,28.3740234375,EXECUTE,authorization_committed,12.617189902812243,12.631247285753489,0.014057382941246033,11.255585122853518,12.50653201714158,36.33481403812766,11.467363219708204,23.87277502566576,23.886832408607006
62,xair_atomic,1,1.0,0.0,concurrent,1,0,0,0,1,321,320,after_check,0,after_middleware,1.3926317915320396,5.51385385915637,23.49821198731661,17.98435812816024,22.10558019578457,28.894266113638878,31.14983718842268,committed,27.56396484375,EXECUTE,authorization_committed,10.63446095213294,10.648908093571663,0.01444714143872261,12.860095128417015,14.030660968273878,39.21339428052306,12.978537008166313,23.494556080549955,23.509003221988678
63,xair_atomic,1,1.0,0.0,concurrent,1,0,0,0,1,323,322,after_check,0,after_middleware,1.2005530297756195,5.84125891327858,30.610315967351198,24.76905705407262,29.40976293757558,41.375712025910616,48.02648909389973,committed,31.701904296875,EXECUTE,authorization_committed,12.138091027736664,12.151366099715233,0.01327507197856903,18.46905890852213,19.61555890738964,53.45954094082117,18.560741096735,30.607149936258793,30.620425008237362
64,xair_atomic,1,1.0,0.0,concurrent,0,1,0,0,0,325,325,before_check,0,,,,,39.28406676277518,45.04145821556449,33.113440964370966,35.520296078175306,changed,51.694091796875,REVOKE,read_set_version_changed_at_commit,29.841152019798756,,,17.277413047850132,18.542245030403137,40.72003113105893,17.49909808859229,47.11856506764889,
65,xair_atomic,1,1.0,0.0,concurrent,1,0,0,0,1,327,326,after_check,0,after_middleware,3.2211532816290855,6.582138128578663,30.600106343626976,24.017968215048313,27.37895306199789,36.26545425504446,40.12804105877876,committed,30.262939453125,EXECUTE,authorization_committed,15.129723120480776,15.147867146879435,0.018144026398658752,15.465664211660624,16.801289282739162,46.02105636149645,18.090578261762857,30.5953873321414,30.613531358540058
66,xair_atomic,1,1.0,0.0,concurrent,1,0,0,0,1,329,328,after_check,0,after_middleware,2.266892697662115,5.6887418031692505,27.165813837200403,21.477072034031153,24.898921139538288,32.936058938503265,37.42548078298569,committed,32.68408203125,EXECUTE,authorization_committed,11.258811224251986,11.272447183728218,0.013635959476232529,15.903094783425331,17.070134170353413,47.678275033831596,16.015485860407352,27.161906007677317,27.17554196715355
67,xair_atomic,0,,0.0,control,1,0,0,0,0,,330,control,0,,2.745090052485466,5.893826950341463,25.09121224284172,19.197385292500257,22.346122190356255,,,committed,28.243896484375,EXECUTE,authorization_committed,11.793415062129498,11.804485227912664,0.011070165783166885,13.29468097537756,,,13.299339916557074,25.088096037507057,25.099166203290224
68,xair_atomic,1,1.0,0.0,concurrent,1,0,0,0,1,332,331,after_check,0,after_middleware,3.216905053704977,9.605369064956903,22.85061776638031,13.245248701423407,19.633712712675333,26.08352294191718,29.891557060182095,committed,24.7919921875,EXECUTE,authorization_committed,14.137351885437965,14.148301910609007,0.010950025171041489,8.710280992090702,9.845359716564417,36.14222398027778,8.80778394639492,22.847632877528667,22.85858290269971
69,xair_atomic,1,1.0,0.0,concurrent,1,0,0,0,1,334,333,after_check,0,after_middleware,1.864106860011816,8.741389028728008,33.64766389131546,24.906274862587452,31.783557031303644,37.65195561572909,40.08787591010332,committed,36.197021484375,EXECUTE,authorization_committed,16.58888068050146,16.603949945420027,0.01506926491856575,17.054785043001175,18.24814360588789,45.75709067285061,17.19475770369172,33.643665723502636,33.6587349884212
70,xair_atomic,0,,0.0,control,1,0,0,0,0,,335,control,0,,2.1606236696243286,6.238673813641071,27.239381801337004,21.000707987695932,25.078758131712675,,,committed,32.76708984375,EXECUTE,authorization_committed,12.67179287970066,12.681030202656984,0.009237322956323624,14.565344899892807,,,14.570665080100298,27.237137779593468,27.24637510254979
71,xair_atomic,1,1.0,0.0,concurrent,1,0,0,0,1,337,336,after_check,0,after_middleware,3.959537949413061,8.629398886114359,26.953765656799078,18.32436677068472,22.994227707386017,31.421386636793613,35.96729505807161,committed,27.716064453125,EXECUTE,authorization_committed,14.301189687103033,14.31009592488408,0.008906237781047821,12.650392018258572,13.978683855384588,46.92177567631006,12.91984785348177,26.951581705361605,26.960487943142653
72,xair_atomic,0,,0.0,control,1,0,0,0,0,,338,control,0,,0.9720143862068653,4.712301306426525,25.529193226248026,20.8168919198215,24.55717884004116,,,committed,30.136962890625,EXECUTE,authorization_committed,12.899659108370543,12.911512050777674,0.011852942407131195,12.626777868717909,,,12.63267919421196,25.52643697708845,25.538289919495583
73,xair_atomic,1,1.0,0.0,concurrent,0,1,0,0,0,340,340,before_check,0,,,,,34.13046896457672,37.851559929549694,26.581337209790945,30.02675110474229,changed,45.05810546875,REVOKE,read_set_version_changed_at_commit,29.368435963988304,,,11.293757241219282,12.449676170945168,34.92441913112998,11.40947500243783,40.662193205207586,
74,xair_atomic,0,,0.0,control,1,0,0,0,0,,341,control,0,,0.878817867487669,5.397315137088299,24.37033923342824,18.97302409633994,23.49152136594057,,,committed,32.431884765625,EXECUTE,authorization_committed,11.477792169898748,11.493350844830275,0.015558674931526184,12.888119090348482,,,12.896514032036066,24.36591126024723,24.381469935178757
75,xair_atomic,0,,0.0,control,1,0,0,0,0,,342,control,0,,2.036160323768854,5.839515011757612,30.96592193469405,25.12640692293644,28.929761610925198,,,committed,34.889892578125,EXECUTE,authorization_committed,14.798322226852179,14.818400144577026,0.020077917724847794,16.162289772182703,,,16.168792732059956,30.96061199903488,30.98068991675973
76,xair_atomic,1,1.0,0.0,concurrent,0,1,0,0,0,344,344,before_check,0,,,,,37.35182201489806,41.390768717974424,30.683813150972128,33.93734572455287,changed,45.867919921875,REVOKE,read_set_version_changed_at_commit,28.60544389113784,,,15.266148839145899,16.652599908411503,41.79523792117834,15.601818915456533,43.87159273028374,
77,xair_atomic,1,1.0,0.0,concurrent,1,0,0,0,1,346,345,after_check,0,after_middleware,2.5699506513774395,7.058030925691128,29.55655800178647,22.498527076095343,26.98660735040903,38.13849808648229,42.96721704304218,committed,30.946044921875,EXECUTE,authorization_committed,14.64172825217247,14.655664097517729,0.013935845345258713,14.911653939634562,16.211843118071556,50.77609606087208,15.1694780215621,29.55338219180703,29.56731803715229
78,xair_atomic,1,1.0,0.0,concurrent,1,0,0,0,1,348,347,after_check,0,after_middleware,2.95422226190567,7.844696287065744,25.553027167916298,17.708330880850554,22.598804906010628,34.50572304427624,38.51116728037596,committed,28.0029296875,EXECUTE,authorization_committed,13.350616209208965,13.373048044741154,0.022431835532188416,12.196991126984358,13.458939269185066,48.46396902576089,12.40555290132761,25.547607336193323,25.57003917172551
79,xair_atomic,1,1.0,0.0,concurrent,1,0,0,0,1,350,349,after_check,0,after_middleware,4.14216099306941,9.955416899174452,33.88969786465168,23.934280965477228,29.74753687158227,38.00592012703419,43.88129198923707,committed,34.030029296875,EXECUTE,authorization_committed,18.609961960464716,18.629077821969986,0.019115861505270004,15.274656005203724,16.527316067367792,52.124436013400555,15.472717117518187,33.88461796566844,33.90373382717371
80,xair_atomic,0,,0.0,control,1,0,0,0,0,,351,control,0,,4.137792158871889,9.798611979931593,28.374250046908855,18.575638066977262,24.236457888036966,,,committed,29.908935546875,EXECUTE,authorization_committed,16.232321970164776,16.249725129455328,0.01740315929055214,12.137739919126034,,,12.148730922490358,28.37006188929081,28.38746504858136
81,xair_atomic,0,,0.0,control,1,0,0,0,0,,352,control,0,,3.9649480022490025,5.701396148651838,25.060974061489105,19.359577912837267,21.096026059240103,,,committed,26.30810546875,EXECUTE,authorization_committed,11.785469949245453,11.801660060882568,0.01619011163711548,13.271978124976158,,,13.277679216116667,25.05744807422161,25.073638185858727
82,xair_atomic,1,2.0,0.0,concurrent,1,0,0,0,1,354,353,after_check,0,after_middleware,2.722768113017082,7.915410213172436,34.14095938205719,26.225549168884754,31.418191269040108,38.88835525140166,41.920583229511976,committed,37.19091796875,EXECUTE,authorization_committed,16.066560987383127,16.092007979750633,0.025446992367506027,18.06848729029298,20.398838445544243,51.529770251363516,18.356287386268377,34.135048277676105,34.16049527004361
83,xair_atomic,0,,0.0,control,1,0,0,0,0,,355,control,0,,1.0506208054721355,6.672176998108625,23.880980908870697,17.20880391076207,22.83036010339856,,,committed,26.84912109375,EXECUTE,authorization_committed,13.871031813323498,13.888464774936438,0.017432961612939835,10.00575115904212,,,10.01468813046813,23.876782972365618,23.894215933978558
84,xair_atomic,0,,0.0,control,1,0,0,0,0,,356,control,0,,2.697831019759178,6.768146995455027,31.449779868125916,24.68163287267089,28.751948848366737,,,committed,34.291015625,EXECUTE,authorization_committed,13.194412924349308,13.217555824667215,0.023142900317907333,18.250057008117437,,,18.258873838931322,31.444469932466745,31.467612832784653
85,xair_atomic,1,2.0,0.0,concurrent,1,0,0,0,1,358,357,after_check,0,after_middleware,2.8440048918128014,4.967689514160156,26.80594800040126,21.838258486241102,23.961943108588457,35.48241499811411,39.03762483969331,committed,29.7919921875,EXECUTE,authorization_committed,11.612385045737028,11.644174810498953,0.031789764761924744,15.189255122095346,17.451158724725246,46.63268383592367,15.403497032821178,26.801640167832375,26.8334299325943
86,xair_atomic,1,2.0,0.0,concurrent,0,1,0,0,0,360,360,before_check,0,,,,,39.426364935934544,45.80141371116042,28.104213997721672,32.486424781382084,changed,50.717041015625,REVOKE,read_set_version_changed_at_commit,33.9270681142807,,,13.98168969899416,16.16540690883994,40.97147285938263,14.111673925071955,47.90875781327486,
87,xair_atomic,1,2.0,0.0,concurrent,1,0,0,0,1,362,361,after_check,0,after_middleware,1.9760867580771446,3.7818350829184055,18.93574371933937,15.153908636420965,16.959656961262226,29.945739079266787,34.62406434118748,committed,24.77294921875,EXECUTE,authorization_committed,7.006253115832806,7.021742407232523,0.015489291399717331,11.925462633371353,14.071357902139425,41.89618770033121,12.03037891536951,18.93171574920416,18.947205040603876
88,xair_atomic,1,2.0,0.0,concurrent,1,0,0,0,1,364,363,after_check,0,after_middleware,4.255122970789671,8.917929604649544,29.76713376119733,20.849204156547785,25.512010790407658,35.41584080085158,38.63977873697877,committed,28.532958984375,EXECUTE,authorization_committed,14.357975218445063,14.372863341122866,0.01488812267780304,15.405290760099888,17.54401298239827,45.68846197798848,15.501631889492273,29.76326597854495,29.778154101222754
89,xair_atomic,1,2.0,0.0,concurrent,1,0,0,0,1,366,365,after_check,0,after_middleware,1.7029652372002602,7.090101018548012,25.704252067953348,18.614151049405336,24.001286830753088,29.047003015875816,33.85668573901057,committed,32.052978515625,EXECUTE,authorization_committed,13.722163159400225,13.742021284997463,0.01985812559723854,11.976998765021563,14.128135051578283,40.26333475485444,12.106040958315134,25.699161924421787,25.719020050019026
90,xair_atomic,1,2.0,0.0,concurrent,1,0,0,0,1,368,367,after_check,0,after_middleware,0.9933128021657467,6.36060256510973,27.444285806268454,21.083683241158724,26.450973004102707,35.47238698229194,38.060753140598536,committed,31.446044921875,EXECUTE,authorization_committed,14.593496918678284,14.608505181968212,0.015008263289928436,12.84659095108509,15.153108164668083,45.17329623922706,13.10889283195138,27.440087869763374,27.455096133053303
91,xair_atomic,1,2.0,0.0,concurrent,1,0,0,0,1,370,369,after_check,0,after_middleware,1.9638747908174992,5.726282950490713,26.687946636229753,20.96166368573904,24.724071845412254,35.92952387407422,38.845603819936514,committed,28.2041015625,EXECUTE,authorization_committed,12.709873728454113,12.727126944810152,0.017253216356039047,13.97308288142085,16.179381869733334,46.417418867349625,14.123254921287298,26.682956609874964,26.700209826231003
92,xair_atomic,1,2.0,0.0,concurrent,0,1,0,0,0,372,372,before_check,0,,,,,39.622130803763866,45.52459390833974,29.77809403091669,34.31593673303723,changed,50.510986328125,REVOKE,read_set_version_changed_at_commit,35.68540560081601,,,12.949754018336535,15.10507706552744,41.452123783528805,13.058668002486229,48.635159619152546,
93,xair_atomic,1,2.0,0.0,concurrent,1,0,0,0,1,374,373,after_check,0,after_middleware,0.7893610745668411,5.069040227681398,28.758130967617035,23.689090739935637,27.968769893050194,36.3378906622529,38.914814591407776,committed,36.259033203125,EXECUTE,authorization_committed,11.934388894587755,11.951331049203873,0.016942154616117477,16.820234712213278,18.959047738462687,44.41789863631129,16.933016944676638,28.754623606801033,28.77156576141715
94,xair_atomic,0,,0.0,control,1,0,0,0,0,,375,control,0,,1.8694880418479443,5.11573813855648,23.622295819222927,18.506557680666447,21.752807777374983,,,committed,28.10791015625,EXECUTE,authorization_committed,10.52533509209752,10.53803926333785,0.012704171240329742,13.094134628772736,,,13.100215699523687,23.619469720870256,23.632173892110586
95,xair_atomic,1,2.0,0.0,concurrent,1,0,0,0,1,377,376,after_check,0,after_middleware,2.356060314923525,5.105326883494854,25.917822029441595,20.81249514594674,23.56176171451807,34.19767506420612,38.59831113368273,committed,29.18798828125,EXECUTE,authorization_committed,13.632215093821287,13.656158931553364,0.023943837732076645,12.27989699691534,14.657627791166306,46.041124034672976,12.607783079147339,25.912112090736628,25.936055928468704
96,xair_atomic,1,2.0,0.0,concurrent,1,0,0,0,1,379,378,after_check,0,after_middleware,1.4542280696332455,7.6277898624539375,28.5128909163177,20.885101053863764,27.058662846684456,33.38015219196677,36.64769185706973,committed,31.333984375,EXECUTE,authorization_committed,13.739996124058962,13.753160834312439,0.013164710253477097,14.769488014280796,17.01367786154151,41.66903207078576,14.95505589991808,28.509484138339758,28.522648848593235
97,xair_atomic,1,2.0,0.0,concurrent,1,0,0,0,1,381,380,after_check,0,after_middleware,3.466523252427578,8.463657461106777,30.995337292551994,22.531679831445217,27.528814040124416,34.860458225011826,39.5637322217226,committed,32.722900390625,EXECUTE,authorization_committed,17.365036997944117,17.376177944242954,0.011140946298837662,13.627415057271719,15.861967112869024,46.082611195743084,13.821359258145094,30.992452055215836,31.003593001514673
98,xair_atomic,1,2.0,0.0,concurrent,1,0,0,0,1,383,382,after_check,0,after_middleware,1.147191971540451,2.7607702650129795,24.976096116006374,22.215325850993395,23.828904144465923,34.44232512265444,37.90938900783658,committed,32.2060546875,EXECUTE,authorization_committed,9.655102621763945,9.664219804108143,0.009117182344198227,15.318658202886581,17.559472005814314,46.30519915372133,15.51757100969553,24.973760824650526,24.982878006994724
99,xair_atomic,1,2.0,0.0,concurrent,1,0,0,0,1,385,384,after_check,0,after_middleware,3.046655096113682,8.598410058766603,34.63852219283581,26.040112134069204,31.591867096722126,41.63526790216565,45.747383031994104,committed,39.742919921875,EXECUTE,authorization_committed,17.16297771781683,17.183726653456688,0.020748935639858246,17.471447121351957,19.770490005612373,53.730939980596304,17.7276567555964,34.63442483916879,34.655173774808645
100,xair_atomic,1,2.0,0.0,concurrent,1,0,0,0,1,387,386,after_check,0,after_middleware,2.826342824846506,8.04830901324749,26.105403900146484,18.057094886898994,23.27906107529998,32.15312911197543,37.53678873181343,committed,28.012939453125,EXECUTE,authorization_committed,14.690910000354052,14.709875918924809,0.018965918570756912,11.40949409455061,13.708706945180893,48.878625966608524,11.671905871480703,26.10040409490466,26.119370013475418
101,xair_atomic,1,2.0,0.0,concurrent,0,1,0,0,0,389,389,before_check,0,,,,,38.545801769942045,42.07505285739899,35.34062905237079,38.479366805404425,changed,48.074951171875,REVOKE,read_set_version_changed_at_commit,26.776613667607307,,,18.313696142286062,20.552196074277163,44.78028789162636,18.49183114245534,45.09030980989337,
102,xair_atomic,1,2.0,0.0,concurrent,1,0,0,0,1,391,390,after_check,0,after_middleware,1.7074630595743656,5.961995106190443,29.104721266776323,23.14272616058588,27.397258207201958,37.94365329667926,41.71763313934207,committed,35.926025390625,EXECUTE,authorization_committed,12.200267054140568,12.233539950102568,0.03327289596199989,16.89726999029517,19.199378322809935,47.85941494628787,17.163929995149374,29.09753704443574,29.13080994039774
103,xair_atomic,0,,0.0,control,1,0,0,0,0,,392,control,0,,2.9373308643698692,7.751292083412409,26.61461988463998,18.86332780122757,23.67728902027011,,,committed,27.759033203125,EXECUTE,authorization_committed,15.855776146054268,15.871996060013771,0.016219913959503174,10.754074901342392,,,10.761188808828592,26.60985104739666,26.626070961356163
104,xair_atomic,0,,0.0,control,1,0,0,0,0,,393,control,0,,0.3803442232310772,5.698640830814838,25.657624006271362,19.958983175456524,25.277279783040285,,,committed,30.468994140625,EXECUTE,authorization_committed,11.86813460662961,11.889253742992878,0.0211191363632679,13.784590177237988,,,13.794377911835909,25.652724783867598,25.673843920230865
105,xair_atomic,1,2.0,0.0,concurrent,1,0,0,0,1,395,394,after_check,0,after_middleware,1.4139330014586449,9.823798667639494,30.609673820436,20.785875152796507,29.195740818977356,40.280497167259455,42.910520918667316,committed,32.51806640625,EXECUTE,authorization_committed,14.340804424136877,14.358246233314276,0.01744180917739868,16.264321748167276,18.496939912438393,49.91421988233924,16.439309809356928,30.605126172304153,30.622567981481552
106,xair_atomic,1,2.0,0.0,concurrent,1,0,0,0,1,397,396,after_check,0,after_middleware,2.239069901406765,5.310822743922472,23.63444771617651,18.323624972254038,21.395377814769745,32.598224468529224,35.37134686484933,committed,27.760986328125,EXECUTE,authorization_committed,13.107069302350283,13.12104519456625,0.013975892215967178,10.524493642151356,12.75793369859457,43.13323786482215,10.70024399086833,23.63156294450164,23.645538836717606
107,xair_atomic,1,2.0,0.0,concurrent,1,0,0,0,1,399,398,after_check,0,after_middleware,3.761907108128071,7.205116096884012,26.394695974886417,19.189579878002405,22.632788866758347,31.16178885102272,35.97287507727742,committed,30.81396484375,EXECUTE,authorization_committed,15.476523898541927,15.489829238504171,0.013305339962244034,10.915977880358696,13.1904948502779,41.65413277223706,11.153463739901781,26.392501778900623,26.405807118862867
108,xair_atomic,1,2.0,0.0,concurrent,1,0,0,0,1,401,400,after_check,0,after_middleware,3.320109099149704,8.419224992394447,24.103027768433094,15.683802776038647,20.78291866928339,28.771134559065104,34.19560194015503,committed,29.0400390625,EXECUTE,authorization_committed,16.67968090623617,16.696522943675518,0.016842037439346313,7.418958004564047,9.648079983890057,44.61625078693032,7.6043857261538506,24.09863891080022,24.115480948239565
109,xair_atomic,0,,0.0,control,1,0,0,0,0,,402,control,0,,2.9799100011587143,9.250424336642027,29.7351130284369,20.484688691794872,26.755203027278185,,,committed,31.761962890625,EXECUTE,authorization_committed,14.580313116312027,14.597495086491108,0.017181970179080963,15.150421764701605,,,15.159799717366695,29.730734881013632,29.747916851192713
110,xair_atomic,1,2.0,0.0,concurrent,1,0,0,0,1,404,403,after_check,0,after_middleware,1.9841929897665977,8.970258757472038,32.69486594945192,23.724607191979885,30.710672959685326,38.7288648635149,41.746255941689014,committed,31.98388671875,EXECUTE,authorization_committed,16.61601196974516,16.635469160974026,0.019457191228866577,16.074926126748323,18.39994825422764,49.33237796649337,16.36279607191682,32.69093809649348,32.71039528772235
111,xair_atomic,1,2.0,0.0,concurrent,1,0,0,0,1,406,405,after_check,0,after_middleware,2.4048113264143467,7.246294058859348,24.520781356841326,17.274487297981977,22.11597003042698,33.025145065039396,36.968914326280355,committed,27.0791015625,EXECUTE,authorization_committed,12.915459927171469,12.92901486158371,0.013554934412240982,11.602506041526794,13.840445317327976,42.67066111788154,11.789507232606411,24.517965968698263,24.531520903110504
112,xair_atomic,0,,0.0,control,1,0,0,0,0,,407,control,0,,0.8476898074150085,7.30635691434145,35.20022565498948,27.89386874064803,34.35253584757447,,,committed,42.77001953125,EXECUTE,authorization_committed,14.237689785659313,14.25090478733182,0.013215001672506332,20.959699992090464,,,20.97560977563262,35.19738977774978,35.21060477942228
113,xair_atomic,1,2.0,0.0,concurrent,0,1,0,0,0,409,409,before_check,0,,,,,39.28858507424593,43.00925461575389,30.10897384956479,33.88996794819832,changed,49.181884765625,REVOKE,read_set_version_changed_at_commit,28.05671514943242,,,15.816651750355959,17.962687648832798,41.94064065814018,15.982412733137608,43.87336689978838,
114,xair_atomic,1,2.0,0.0,concurrent,1,0,0,0,1,411,410,after_check,0,after_middleware,1.5944913029670715,6.7858099937438965,25.540494360029697,18.7546843662858,23.946003057062626,34.457252360880375,37.92383521795273,committed,28.594970703125,EXECUTE,authorization_committed,12.323748786002398,12.341431807726622,0.01768302172422409,13.212166260927916,15.368621330708265,45.427512377500534,13.311582151800394,25.535915046930313,25.553598068654537
115,xair_atomic,1,2.0,0.0,concurrent,1,0,0,0,1,413,412,after_check,0,after_middleware,2.2335806861519814,6.792763713747263,20.499306730926037,13.706543017178774,18.265726044774055,26.987948920577765,31.999300699681044,committed,22.9130859375,EXECUTE,authorization_committed,13.559466693550348,13.570377603173256,0.010910909622907639,6.937595084309578,9.085002820938826,35.764655098319054,7.034666836261749,20.497061777859926,20.507972687482834
116,xair_atomic,1,2.0,0.0,concurrent,1,0,0,0,1,415,414,after_check,0,after_middleware,3.2922662794589996,6.783296354115009,30.902854166924953,24.119557812809944,27.610587887465954,33.3598330616951,36.783716175705194,committed,33.3759765625,EXECUTE,authorization_committed,13.031065929681063,13.041615951806307,0.01055002212524414,17.869202885776758,20.01287415623665,40.21876119077206,17.958220094442368,30.90026881545782,30.910818837583065
117,xair_atomic,1,2.0,0.0,concurrent,1,0,0,0,1,417,416,after_check,0,after_middleware,1.6041891649365425,6.057423073798418,26.299468241631985,20.242045167833567,24.695279076695442,31.5071283839643,32.61425532400608,committed,31.301025390625,EXECUTE,authorization_committed,10.817553848028183,10.827602818608284,0.010048970580101013,15.479069203138351,17.626658082008362,37.78492519631982,15.564019326120615,26.296623051166534,26.306672021746635
118,xair_atomic,0,,0.0,control,1,0,0,0,0,,418,control,0,,1.6559860669076443,5.33423712477088,31.168231274932623,25.833994150161743,29.51224520802498,,,committed,33.291015625,EXECUTE,authorization_committed,10.971271898597479,10.981542058289051,0.01027015969157219,20.193723030388355,,,20.198762882500887,31.164994928985834,31.175265088677406
119,xair_atomic,1,2.0,0.0,concurrent,1,0,0,0,1,420,419,after_check,0,after_middleware,3.04239708930254,6.4104958437383175,27.18096086755395,20.770465023815632,24.13856377825141,31.480236910283566,34.80508364737034,committed,28.51806640625,EXECUTE,authorization_committed,15.381335746496916,15.390813816338778,0.009478069841861725,11.797220911830664,13.9356330037117,40.54428078234196,11.881999671459198,27.17855665832758,27.18803472816944
